2110,KUPCI U ZEMLJI
0201,GRAĐEVINSKA ZEMLJIŠTA
0210,UPRAVNE ZGRADE
49901,OSTALA KRATKOROČNA RAZGRANIČENJA
20502,BLAGAJNA HERNAD
5242,TROŠKOVI OSTALIH PRIMANJA NAKNADA I MATERIJALNIH PRAVA
539,TROŠKOVI OSTALIH USLUGA
4423,OBAVEZE PO OSNOVU KOMISIONE I KONSIGNACIONE PRODAJE
7100,PRENOS DOBITI
7000,TROŠKOVI
7101,PRENOS GUBITKA
61650,PRIHODI U VISINI REAL.DOBITAKA OD PRODANIH DIONICA
6801,RASHODI PRI OTUĐENJU (PRODAJI) OS/SII
138001,POREZ NA PROMET PROIZVODA T1
409,OSTALA DUGOROČNA REZERVISANJA I RAZGRANIČENJA
6010,PRIHOD OD PRODATE ROBE
6022,VRIJEDNOST -PRODATE ROBE IZ PRODAVNICA
2329,POTRAŽIVANJA OD ZAPOSLENIKA
4090,OSTALA DUGOROČNA RAZGRANIČENJA
13801,POREZ NA PROMET USLUGA U MP
138002,POREZ NA PROMET PROIZVODA T2
6521,NABAVNA VRIJEDNOST PRODATE ROBE U TRANZITU
2081,SREDSTVA NA POSEBNOM RAČUNU KOD ZPP
0271,DATI AVANS ZA GRAĐEVINE
0291,ISPRAVKA VRIJEDNOSTI TRANSPORTNA SREDSTVA
68852,PLACENI POREZ NA RAZLIKU U CIJENI
1361,ROBA U OBRADI I DORADI
1363,ROBA U OBRADI I DORADI
65202,NABAVNA VRIJ.PRODATE ROBE SA SKLADISTA-SPORT
49908,OSTALA KRATKOROČNA RAZGRANIČENJA
49906,OSTALA KRATKOROČNA RAZGRANIČENJA
3108,UPISANE NEUPLAĆENE DIONICE
31004,UPISANE NEUPLAĆENE DIONICE
31002,UPISANE NEUPLAĆENE DIONICE
31003,UPISANE NEUPLAĆENE DIONICE
31001,UPISANE NEUPLAĆENE DIONICE
0160,NEMATERIJALNA SREDSTVA VAN UPOTREBE
3500,GUBITAK RANIJIH GODINA
02280,REVALORIZACIJA TRANSPORTNIH SREDSTAVA
3410,NERASPOREĐENA DOBIT IZVJEŠTAJNE GODINE
6390,PDV PRIJAVA - ZAOKRUŽENJE PRIHOD
639,OSTALI PRIHODI
63910,OSTALI PRIHODI
5400,AMORTIZACIJA DO VISINE POREZNO PRIZNATIH RASHODA
63911,OSTALI PRIHODI
3303,REVALORIZOVANE REZERVE IZ OSNOVE REVAL.STALNIH SREDSTAVA
2002,KM RAČUN UNION
21109,KUPCI U ZEMLJI
4518,OBAVEZE ZA POREZ I POSEBNE DAŽBINE NA PLAĆE I NAKNADE
2050,BLAGAJNE - DOMAĆA VALUTA
2060,BLAGAJNE DOMAĆA VALUTA
6822,MANJKOVI ROBE
2217,POTRAŽIVANJA OD SPECIFIČNIH POSLOVA
20849,OSTALI DEPOZITI I KAUCIJE
6809,PDV PRIJAVA RASHOD PO ZAOKRUŽENJU
6399,OSTALI PRIHODI
2214,POTRAŽIVANJA OD SPECIFIČNIH POSLOVA
2190,ISP.VR.POTRAZ.ZA RATNE ŠTETE
4992,OSTALA KRATKOROČNA RAZGRANIČENJA
4505,OBAVEZE ZA NETO PLAĆE I NAKNADE PLAĆA
2320,POTRAŽIVANJA OD ZAPOSLENIKA
4517,OBAVEZE ZA POREZ I POSEBNE DAŽBINE NA PLAĆE I NAKNADE
43251,DOBAVLJAČI U ZEMLJI
43252,DOBAVLJAČI U ZEMLJI
4813,OBAVEZE ZA POREZ NA DOBIT
4818999,OBAVEZE ZA POREZ NA DOBIT
4810,OBAVEZE ZA POREZ NA DOBIT
4818998,OBAVEZE ZA POREZ NA DOBIT
4510,OBAVEZE ZA OSTALE POREZE - ŠUME
4511,OBAVEZE ZA OSTALE POREZE - TURIZAM
5285,OSTALI TROŠKOVI ZAPOSLENIH
451701,OBAVEZE ZA POREZ I POSEBNE DAŽBINE NA PLAĆE I NAKNADE
01940,ISPRAVKA VRIJEDNOSTI SOFTWERA
10324,ČASOPISI
6350,PRIHODI OD PENALA KAZNI
5530,BANKARSKE USLUGE
5133,UTROŠENI REZERVNI DIJELOVI
5393,INTELEKTUALNE I LIČNE NAKNADE
60011,VRIJEDNOST PRODATOG FMK PROG.PAKETA
1014,POMOĆNI MATERIJAL - DISKETE CDROM
1013,KANCELARIJSKI MATERIJAL
1015,OSTALI MATERIJALI I SIROVINE
1036,HTZ NA SKLADIŠTU
1031,SITAN INVENTAR U UPOTREBI - INO NABAVKE
10361,HTZ U UPOTREBI -PP APARAT S6 (1997.G.)
1037,INVENTAR POSLOVNOG PROSTORA
1094,ISPRAVKA VRIJEDNOSTI SITNOG INVENTARA
10946,ISPR.VRIJED.HTZ OPREME
10943,ISPR.VRIJED.AUTO GUME
1320,ROBA U PRODAJI NA VELIKO
1370,UKALKULISANA RAZLIKA U SKLADIŠTIMA
3000,DIONIČKI KAPITAL
30019,DIONIČKI KAPITAL
2059,KREDIT KARTICA VISA HVB CPB 40062849002
2321,POTRAŽIVANJA OD ZAPOSLENIKA
2215,POTRAŽIVANJA OD SPECIFIČNIH POSLOVA
3600,OTKUPLJENE VLASTITE DIONICE I UDJELI
3210,ZAKONSKE REZERVE
4093,OSTALA DUGOROČNA RAZGRANIČENJA
41570,DUGOROČNE OBAVEZE PO FINANSIJSKOM LIZINGU U ZEMLJI
4321,DOBAVLJAČI U ZEMLJI
6020,VRIJEDNOST PRODATE ROBE SA SKLADIŠTA
014,OSTALA NEMATERIJALNA SREDSTVA
016,NEMATERIJALNA SREDSTVA VAN UPOTREBE
1307,OBRAČUN NABAVKE
02239,******* OSTALA  OPREMA
0170,AVANSI ZA NEMATERIJALNA SREDSTVA
5120,UTROŠENA ENERGIJA
20099,*TEKUĆI HVB CPB (ZA POTREBE KARTICE 20090)
1030,SITAN INVENTAR U UPOTREBI
5130,UTROŠENI REZERVNI DIJELOVI
5142,OTPIS SITNOG INVENTARA
5310,TROŠKOVI TRANSPORTNIH USLUGA
5540,TROŠKOVI POŠTANSKIH USLUGA
5544,INTERNET INFRASTRUKTURA
5320,TROŠKOVI USLUGA ODRŽAVANJA GRAĐEVINA
5321,TROŠKOVI ODVOZA SMEĆA
4500,OBAVEZE NETO PLATE
4515,OBAVEZE ZA POREZ I POSEBNE DAŽBINE NA PLAĆE I NAKNADE
4519,OBAVEZE ZA POREZ I POSEBNE DAŽBINE NA PLAĆE I NAKNADE
5330,TROŠKOVI ZAKUPNINA I NAJMNINA
5350,TROŠKOVI REKLAMA SPONZORSTVA
539958,TROŠKOVI OSTALIH USLUGA
5397,TROŠKOVI OSTALIH USLUGA
53915,TROŠKOVI OSTALIH USLUGA
5394,TROŠKOVI OSTALIH USLUGA
5230,TAKSE AUTOPUT
5280,TOPLI OBROK ZAPOSLENI
5141,OTPIS SITNOG INVENTARA
02230,****** RAČUNARSKA I TELEKOM OPREMA
3606,OTKUPLJENE VLASTITE DIONICE I UDJELI
360,OTKUPLJENE VLASTITE DIONICE I UDJELI
00,POTRAŽIVANJA ZA UPISANI A NEUPLAĆENI KAPITAL
5249,TROŠKOVI OSTALIH PRIMANJA NAKNADA I MATERIJALNIH PRAVA
5510,TROŠKOVI REPREZENTACIJE
5520,TROŠKOVI OSIGURANJA
55601,POREZI KOJI NE ZAVISE OD FIN.REZULTATA I TAKSE
5560,POREZI KOJI NE ZAVISE OD FIN.REZULTATA I TAKSE
55691,POREZI KOJI NE ZAVISE OD FIN.REZULTATA I TAKSE
5531,BANKARSKE USLUGE
4491,OSTALE OBAVEZE IZ SPECIFIČNIH POSLOVA
4830,DOPRINOSI ČLANARINE I DRUGA DAVANJA
6151,POZITIVNE KURSNE RAZLIKE
48301,DOPRINOSI ČLANARINE I DRUGA DAVANJA
5392,TROŠKOVI OSTALIH USLUGA
481899,OBAVEZE ZA POREZ NA DOBIT
5569,VODOPRIVREDA
5200,NETO PLATE
5218,TROŠKOVI NAKNADA PLAĆA
3700,RASPORED TROSKOVA U OBRACUNU POSL.REZULTATA
0140,OSTALA NEMATERIJALNA SREDSTVA
53900,TROŠKOVI OSTALIH USLUGA
23291,POTRAŽIVANJA OD ZAPOSLENIKA
205,BLAGAJNE DOMAĆA VALUTA
201,TRANSAKCIJSKI RAČUNI INOSTRANA VALUTA
602,PRIHODI OD PRODAJE ROBE NA INOSTRANOM TRŽIŠTU
13051,OSTALI TROS.NABAVKE
6340,PRIHODI OD NAPLATE ŠTETE OD OSIGURAVAJUĆIH DRUŠTAVA
020,ZEMLJIŠTE
021,GRAĐEVINSKI OBJEKTI
026,STAMBENE ZGRADE I STANOVI
1330,ROBA U MALOPRODAJNIM OBJEKTIMA
0211,TVORNIČKE HALE
025,NEKRETNINE POSTROJENJA I OPREMA U PRIPREMI
6522,NABAVNA VRIJEDNOST PRODATE ROBE IZ PRODAVNICA
0200,POLJOPRIVREDNA ZEMLJIŠTA
029,ISPRAVKA VRIJEDNOSTI NEKRETNINA POSTROJENJA I OPREME
022,POSTROJENJA I OPREMA (MAŠINE)
0220,MAŠINE I POSTROJENJA
0221,TRANSPORTNA SREDSTVA
0223,ALAT I INVENTAR
6520,NABAVNA VRIJEDNOST PRODATE ROBE SA SKLADIŠTA
1371,UKALKULISANA RAZLIKA U PRODAVNICAMA
4271,KRATKOROČNE OBAVEZE PO FER VRIJEDNOSTI KROZ RAČUN DOBITI
0225,OSTALA OPREMA
0292,ISPRAVKA VRIJEDNOST UREĐAJI I INSTALACIJE
28050,UNAPRIJED PLAĆENI RASHODI
5532,BANKARSKE USLUGE
5600,FINANSIJSKI RASHODI IZ ODNOSA S POVEZANIM PRAVNIM LICIMA
01400,OSTALA NEMATERIJALNA SREDSTVA
310,UPISANE NEUPLAĆENE DIONICE
80,VANBILANSNA EVIDENCIJA
53941,TROŠKOVI OSTALIH USLUGA
511,UTROŠENE SIROVINE I MATERIJAL
5390,KOMUNALNE USLUGE I NAKNADE
132,ROBA U PRODAJI NA VELIKO
137,UKALKULISANA RAZLIKA U CIJENI
432,DOBAVLJAČI U ZEMLJI
421,OBAVEZE PO EMITOVANIM KRATKOR.VRIJEDNOSNIM PAPIRIMA
499,OSTALA PASIVNA VREMENSKA RAZGRANIČENJA
200,TRANSAKCIJSKI RAČUNI DOMAĆA VALUTA
208,OSTALA NOVČANA SREDSTVA
211,KUPCI U ZEMLJI
248,OSTALI KRATKOROČNI FINANSIJSKI PLASMANI
232,POTRAŽIVANJA OD ZAPOSLENIKA
233,POTRAŽIVANJA OD DRŽAVNIH ORGANA I INSTITUCIJA
221,POTRAŽIVANJA PO OSNOVU UVOZA ZA TUĐI RAČUN
219,ISPRAVKA VRIJEDNOSTI POTRAŽIVANJA OD KUPACA
280,UNAPRIJED PLAĆENI RASHODI
288,ODLOŽENA POREZNA SREDSTVA
101,SIROVINE I MATERIJAL
102,REZERVNI DIJELOVI
103,AUTOGUME I AMBALAŽA
5562,POREZI KOJI NE ZAVISE OD FIN.REZULTATA I TAKSE
109,ISPRAVKA VRIJEDNOSTI SIROVINA MATERIJALA DJELOVA
512,UTROŠENA ENERGIJA I GORIVO
01460,OSTALA NEMATERIJALNA SREDSTVA
514,OTPIS SITNOG INVENTARA AMBALAŽE I AUTOGUMA
540,AMORTIZACIJA DO VISINE POREZNO PRIZNATIH RASHODA
5207,TROŠKOVI PLAĆA
521,TROŠKOVI NAKNADA PLAĆA
531,TROŠKOVI TRANSPORTNIH USLUGA
532,TROŠKOVI USLUGA ODRŽAVANJA
554,TROŠKOVI POŠTANSKIH I TELEKOMUNIKACIONIH USLUGA
533,TROŠKOVI ZAKUPA
535,TROŠKOVI REKLAME I SPONZORSTVA
552,TROŠKOVI PREMIJA OSIGURANJA
553,TROŠKOVI PLATNOG PROMETA
524,TROŠKOVI OSTALIH PRIMANJA NAKNADA I MATERIJALNIH PRAVA
68851,OSTALE DONACIJE-SPONZORSTVO
551,TROŠKOVI REPREZENTACIJE
483,OBAVEZE ZA OSTALE DOPR.ČLANARINE I SL.KOJE TERETE TROŠK.
5391,TROŠKOVI OSTALIH USLUGA
560,FINANSIJSKI RASHODI IZ ODNOSA S POVEZANIM PRAVNIM LICEM
569,OSTALI FINANSIJSKI RASHODI
556,POREZI KOJI NE ZAVISE OD FINANSIJSKOG REZULTATA I TAKSE
4831,DOPRINOSI ČLANARINE I DRUGA DAVANJA
370,RASPORED TROŠKOVA ZA OBRAČUN UČINAKA (PROIZVOD.I USLUGA)
133,ROBA U MALOPRODAJNIM OBJEKTIMA
136,ROBA U OBRADI I DORADI
138,UKALKULISANI PDV
139,ISPRAVKA VRIJEDNOSTI ROBE
601,PRIHODI OD PRODAJE ROBE NA DOMAĆEM TRŽIŠTU
4210,OBAVEZE PO EMITOVANIM KRATKOROČNIM VRIJEDNOSNIM PAPIRIMA
423,KRATKOROČNI KREDITI UZETI U INOSTRANSTVU
427,KRATKOČNE OBAVEZE PO FER VRIJEDNOSTI KROZ RAČUN DOBITI
450,OBAVEZE ZA NETO PLAĆE I NAKNADE PLAĆA
4501,OBAVEZE TOPLI OBROK
481,OBAVEZE ZA POREZ NA DOBIT
60101,VRIJEDNOST DATIH USLUGA NA DOMAĆEM TRŽIŠTU
4502,OBAVEZE REGRES
5236,TROŠKOVI SLUŽBENIH PUTOVANJA ZAPOSLENIH
60202,RABAT U VP
20503,BLAGAJNA BJASKO
490,UNAPRIJED OBRAČUNATI RASHODI RAZDOBLJA
491,OBRAČUNATI PRIHODI NAREDNOG RAZDOBLJA
300,UDJELI ČLANOVA DRUŠTVA SA OGRANIČENOM ODGOVORNOŠĆU
413,DUGOROČNI KREDITI UZETI U ZEMLJI
321,ZAKONSKE REZERVE
330,REVALORIZACIONE REZERVE IZ OSNOVA REVAL.STALNIH SREDST.
350,GUBITAK RANIJIH GODINA
341,NERASPOREĐENA DOBIT IZVJEŠTAJNE GODINE
351,GUBITAK IZVJEŠTAJNE GODINE
333,NEREALIZ.GUBICI IZ OSN.FIN. SREDSTAVA RASPOL.ZA PRODAJU
332,NEREALIZOVANI DOBICI IZ OSNOVA FIN.SREDST.RASP.ZA PRODAJU
652,PRIHODI OD DONACIJA
662,POZITIVNE KURSNE RAZLIKE
665,NEGATIVNE KURSNE RAZLIKE
678,PRIHODI PO OSNOVU UGOVORENE ZAŠTITE OD RIZIKA
680,PRIHODI OD USKLAĐIVANJA VRIJEDNOSTI NEMATER.SREDSTAVA
682,PRIHODI OD USKL.VRIJEDNOSTI INVESTICIJSKIH NEKRETNINA
6830,KAZNE ZA PRIVREDNE PRESTUPE I PREKRŠAJE
684,PRIHODI OD USKL.VRIJEDNOST DUGOROČNIH FIN.PLASMANA
6885,OSTALI RASHODI
6011,VRIJEDNOST DATIH USLUGA NA INO-TRŽIŠTU
6290,DOBICI OD PRODAJE OSTALIH STALNIH SREDSTAVA
6021,VRIJEDNOST PRODATE ROBE U TRANZITU
612,PRIHODI OD PRODAJE UČINAKA NA INOSTRANOM TRŽIŠTU
6150,POZITIVNE KURSNE RAZLIKE
628,DOBICI OD PRODAJE ST.SREDST.KLAS.KAO SRED.NAMJ.ZA PRODAJ.
631,PRIHODI OD OTPISANIH OBAVEZA
632,VIŠKOVI
635,PRIHODI OD PENALAKAZNINAGRADAODUSTANICA I SL.
636,NAPLAĆENA PRETHODNO OTPISANA POTRAŽIVANJA
6391,OSTALI PRIHODI
6392,OSTALI PRIHODI
710,UKUPNI PRIHODI
700,OTVARANJE GLAVNE KNJIGE FINANSIJSKOG RAČUNOVODSTVA
7001,GUBITAK
711,UKUPNI RASHODI
312,UPISANI NEUPLAĆENI UDJELI
28054,UNAPRIJED PLAĆENI RASHODI
4270,KRATKOROČNE OBAVEZE PO FER VRIJEDNOSTI KROZ RAČUN DOBITI
6620,KAMATE PO OSNOVU ZAJMOVA I KREDITA I OST.FIN.RASHODI
2084,DEPOZIT ZA PTT USLUGE
5329,TROŠKOVI USLUGA ODRŽAVANJA
28053,UNAPRIJED PLAĆENI RASHODI
28051,UNAPRIJED PLAĆENI RASHODI
10325,KNJIGE
513,UTROŠENI REZERVNI DIJELOVI
539959,TROŠKOVI OSTALIH USLUGA
1301,CARINE I DRUGE UVOZNE DAŽBINE
48180,OBAVEZE ZA POREZ NA DOBIT
1303,TRANSPORTNI TROŠKOVI
1305,OSTALI ZAVISNI TROŠKOVI
49903,OSTALA KRATKOROČNA RAZGRANIČENJA
1300, ROBA
6013,VRIJEDNOST DATIH USLUGA ZA SOPSTVENE POTREBE
442,OBAVEZE PO OSNOVU KOMISIONE I KONSIGNACIONE PRODAJE
4422,OBAVEZE PO OSNOVU KOMISIONE I KONSIGNACIONE PRODAJE
5234,TROŠKOVI SLUŽBENIH PUTOVANJA ZAPOSLENIH
68852,DONACIJE ZA ARMIJU R BIH
4420,OBAVEZE PO OSNOVU KOMISIONE I KONSIGNACIONE PRODAJE
4427,OBAVEZE PO OSNOVU KOMISIONE I KONSIGNACIONE PRODAJE
483099,DOPRINOSI ČLANARINE I DRUGA DAVANJA
3100,UPISANI NEUPLAĆENI KAPITAL
2005,PRELAZNI KONTO - BANKA <-> BANKA BLAG
48308,DOPRINOSI ČLANARINE I DRUGA DAVANJA
0,STALNA SREDSTVA I DUGOROČNI PLASMANI
138003,POREZ NA PROMET PROIZVODA T3
138004,POREZ NA PROMET PROIZVODA T4
138005,POREZ NA PROMET PROIZVODA T5
4213,OBAVEZE PO EMITOVANIM KRATKOROČNIM VRIJEDNOSNIM PAPIRIMA
55322,BANKARSKE USLUGE
206,BLAGAJNE INOSTRANA VALUTA
064,DUGOROČNI KREDITI DATI U INOSTRANSTVO
700000,OBRAČUN POSLOVNOG REZULTATA
3001,DIONIČKI KAPITAL
066,FINANSIJSKA SREDSTVA KOJA SE DRŽE DO ROKA DOSPIJEĆA
4428,OBAVEZE PO OSNOVU KOMISIONE I KONSIGNACIONE PRODAJE
1010,SIROVINE I MATERIJALI U VLASTITOM SKLADIŠTU
5543,TROŠKOVI POŠTANSKIH I TELEKOMUNIKACIONIH USLUGAPRODAJU
10323,KANCELARIJSKI MATERIJAL POTREBAN ZA RAD KANCELARIJE SC
2350,POTRAZIVANJA-VISE PLACEN DOPRINOS ZA ZDRAVSTVO
60010,VRIJEDNOST PRODATOG FMK PROG.PAKETA
710000,DOBIT TEKUĆE GODINE
0208,REVALORIZACIJA ZEMLJIŠTA I ŠUMA
5395,TROŠKOVI OSTALIH USLUGA
5690,OSTALI FINANSIJSKI RASHODI
20090,
5396,TROŠKOVI OSTALIH USLUGA
6029,VRIJEDNOST PREFAKTURISANIH USLUGA
51320,VOZILA TROŠKOVI ODRŽAVANJA
4995,OSTALA KRATKOROČNA RAZGRANIČENJA
02920,***ISPRAVKA VRIJEDNOSTI - RAČUNARI
02929,****ISPRAVKA VRIJEDNOSTI - OSTALA OPREMA
4832,DOPRINOSI ČLANARINE I DRUGA DAVANJA
5561,POREZI KOJI NE ZAVISE OD FIN.REZULTATA I TAKSE
341000,NERASPOREĐENA DOBIT IZVJEŠTAJNE GODINE
5140,OTPIS SITNOG INVENTARA
10329,OSTALI KANCELARIJSKI MATERIJAL
6650,NEGATIVNE KURSNE RAZLIKE
20101,TRANSAKCIJSKI RAČUNI - STRANA VALUTA
3400,NERASPOREĐENA DOBIT RANIJIH GODINA
340,NERASPOREĐENA DOBIT RANIJIH GODINA
5244,TROŠKOVI OSTALIH PRIMANJA NAKNADA I MATERIJALNIH PRAVA
5111,TROŠKOVI NABAVKE ROBE
1,ZALIHE I SREDSTVA NAMJENJENA PRODAJI
48309,DOPRINOSI ČLANARINE I DRUGA DAVANJA
3300,REVALORIZOVANE REZERVE IZ OSNOVE REVAL.STALNIH SREDSTAVA
3301,REVALORIZOVANE REZERVE IZ OSNOVE REVAL.STALNIH SREDSTAVA
232000,POTRAŽIVANJA OD ZAPOSLENIKA
55699,POREZI KOJI NE ZAVISE OD FIN.REZULTATA I TAKSE
3,KAPITAL
6,PRIHODI
0900,ODLOŽENA POREZNA SREDSTVA
55621,POREZI KOJI NE ZAVISE OD FIN.REZULTATA I TAKSE
55690,POREZI KOJI NE ZAVISE OD FIN.REZULTATA I TAKSE
6881,STALNA SREDSTAVA POPRAVKA
1100,PROIZVODNJA U TOKU
1200,PROIZVODI U VLASTITOM SKLADIŠTU
4708,PDV PO OSNOVU ISPORUKA DRUGIM OBVEZNICIMA PDV-A
13202,ROBA U PRODAJI NA VELIKO
54,AMORTIZACIJA I TROŠKOVI REZERVISANJA
5129,UTROŠENA ENERGIJA I GORIVO
2115,KUPCI U ZEMLJI
20102,TRANSAKCIJSKI RAČUNI - STRANA VALUTA
6120,PRIHODI OD KAMATA PO OSNOVU ZAJMOVA I OST.FIN.PRIHODI
4503,OBAVEZE ZA NETO PLAĆE I NAKNADE PLAĆA
131,NEKRETNINE NABAVLJENE RADI DALJE PRODAJE
2331,POTRAŽIVANJA OD DRŽAVNIH ORGANA I INSTITUCIJA
51390,UTROŠENI REZERVNI DIJELOVI
5237,TROŠKOVI SLUŽBENIH PUTOVANJA ZAPOSLENIH
0222,UREĐAJI I INSTALACIJE
10322,FLOPPY CD DVD MEDIJI
53903,TROŠKOVI OSTALIH USLUGA
6882,NAKNADNO UTVRĐ.IZDACITROŠKOVIRASHODI IZ RANIJIH GODINA
28010,UNAPRIJED PLAĆENI RASHODI
5567,POREZI KOJI NE ZAVISE OD FIN.REZULTATA I TAKSE
28011,UNAPRIJED PLAĆENI RASHODI
55670,POREZI KOJI NE ZAVISE OD FIN.REZULTATA I TAKSE
2700,PDV U PRIMLJENIM FAKTURAMA
4429,OBAVEZE PO OSNOVU KOMISIONE I KONSIGNACIONE PRODAJE
44292,OBAVEZE PO OSNOVU KOMISIONE I KONSIGNACIONE PRODAJE
143,POSTROJENJA I OPREMA NAMJENJENA PRODAJI
539003,TROŠKOVI OSTALIH USLUGA
6501,TROŠKOVI PRODATIH PROIZVODA SA SKLADIŠTA
5132,UTROŠENI REZERVNI DIJELOVI
688,PRIHODI OD USKL.VRIJEDNOSTI SREDSTAVA NAMIJ.PRODAJI
4835,DOPRINOSI ČLANARINE I DRUGA DAVANJA
55672,POREZI KOJI NE ZAVISE OD FIN.REZULTATA I TAKSE
5565,POREZI KOJI NE ZAVISE OD FIN.REZULTATA I TAKSE
144,INVESTICIJSKE NEKRETNINE NAMJENJENE PRODAJI
145,BIOLOŠKA SREDSTVA NAMJENJENA PRODAJI
15,DATI AVANSI
02235,******** SOFTWARE
55662,POREZI KOJI NE ZAVISE OD FIN.REZULTATA I TAKSE
138009,UKALKULISANI POREZ PPU 10%
60203,RABAT U VP
5325,TROŠKOVI USLUGA ODRŽAVANJA
3100,UPISANE NEUPLAĆENE DIONICE
01,NEMATERIJALNA SREDSTVA
011,KONCESIJE PATENTI LICENCE ZAŠTITNI ZNAKOVI I DR.PRAVA
0110,PATENTI LICENCE I ZAŠTITNI ZNAKOVI
0111,PATENTI LICENCE I ZAŠTITNI ZNAKOVI
0112,PATENTI LICENCE I ZAŠTITNI ZNAKOVI
0113,PATENTI LICENCE I ZAŠTITNI ZNAKOVI
0114,PATENTI LICENCE I ZAŠTITNI ZNAKOVI
0118,PATENTI LICENCE I ZAŠTITNI ZNAKOVI
013,ULAGANJA NA TUĐIM STALNIM SREDSTVIMA
0710,POTRAŽIVANJA PO OSNOVU PRODAJE NA KREDIT
0781,OSTALA DUGOROČNA POTRAŽIVANJA
551958,TROŠKOVI REPREZENTACIJE
0115,OSTALI OSNIVAČKI IZDACI
2219,POTRAŽIVANJA OD SPECIFIČNIH POSLOVA
010,KAPITALIZIRANA ULAGANJA U RAZVOJ
0100,KAPITALIZIRANA ULAGANJA U RAZVOJ
0101,KAPITALIZIRANA ULAGANJA U RAZVOJ
0105,KAPITALIZIRANA ULAGANJA U RAZVOJ
0108,KAPITALIZIRANA ULAGANJA U RAZVOJ
012,GOODWILL
0120,GOODWILL
0121,GOODWILL
0128,GOODWILL
015,NEMATERIJALNA SREDSTVA U PRIPREMI
0150,ULAGANJA U PATENTE LICENCE I KONCESIJE
0151,ULAGANJA U OSNIVAČKE IZDATKE
0152,ULAGANJA U ISTRAŽIVANJA I RAZVOJ
0153,ULAGANJA U GOODWILL
0155,ULAGANJA U OSTALA NEMATERIJALNA SREDSTVA
0158,REVALORIZACIJA NEMATERIJALNIH SREDSTAVA U PRIPREMI
01401,OSTALA NEMATERIJALNA SREDSTVA
01402,OSTALA NEMATERIJALNA SREDSTVA
01403,OSTALA NEMATERIJALNA SREDSTVA
01404,OSTALA NEMATERIJALNA SREDSTVA
017,AVANSI ZA NEMATERIJALNA SREDSTVA
01405,OSTALA NEMATERIJALNA SREDSTVA
01408,OSTALA NEMATERIJALNA SREDSTVA
0194,ISPRAVKA VRIJEDNOSTI NEGATIVNOG GOODWILL-A
0214,BARAKE
0219,REVALORIZACIJA GRAĐEVINA
2009,PRELAZNI RAČUN
0141,OSTALA NEMATERIJALNA SREDSTVA
0142,OSTALA NEMATERIJALNA SREDSTVA
0143,OSTALA NEMATERIJALNA SREDSTVA
01440,OSTALA NEMATERIJALNA SREDSTVA
0146,OSTALA NEMATERIJALNA SREDSTVA
019,ISPRAVKA VRIJEDNOSTI STALNIH NEMATERIJALNIH SREDSTAVA
0190,ISPRAVKA VRIJEDNOSTI PATENATA LICENCI I KONCESIJA
0191,ISPRAVKA VRIJEDNOSTI OSNIVAČKIH IZDATAKA
0192,ISPRAVKA VRIJEDNOSTI IZDATAKA ZA ISTRAŽIVANJE I RAZVOJ
0193,ISPRAVKA VRIJEDNOSTI GOODWILLA
0195,ISPRAVKA VRIJEDNOSTI OSTALIH NEMATERIJALNIH SREDSTAVA
02,NEKRETNINE POSTROJENJA I OPREMA
0202,ŠUMSKO ZEMLJIŠTE
0203,OSTALA ZEMLJIŠTA
0204,PRIVREDNA ŠUME
0205,ŠUME SA POSEBNOM NAMJENOM
0206,OSTALE ŠUME
0213,SKLADIŠNE HALE
0215,KANALIZACIJSKI I OBJEKTI ZA PROĆIŠĆ OTPADNIH VODA
0218,OSTALI GRAĐEVINSKI OBJEKTI
0228,REVALORIZACIJA OPREME
55680,POREZI KOJI NE ZAVISE OD FIN.REZULTATA I TAKSE
2710,PDV PLAĆEN PRI UVOZU DOBARA
5238,TROŠKOVI SLUŽBENIH PUTOVANJA ZAPOSLENIH
55311,BANKARSKE USLUGE
55312,BANKARSKE USLUGE
55313,BANKARSKE USLUGE
2003,KM RAČUN UPI
10374,SITAN INVENTAR - POSUĐE KUHINJSKI INVENTAR
2008,* KM RAČUN UPI BANKA
55404,INTERNET INFRASTRUKTURA
4700,PDV PO OSNOVU ISPORUKA DRUGIM OBVEZNICIMA PDV-A
0260,STAMBENE ZGRADE I STANOVI
0261,STAMBENE ZGRADE I STANOVI
55408,TROŠKOVI POŠTANSKIH I TELEKOMUNIKACIONIH USLUGAPRODAJU
0265,STAMBENE ZGRADE I STANOVI
0268,STAMBENE ZGRADE I STANOVI
0252,OPREMA U PRIPREMI
0255,ULAGANJA U TOKU U OSTALA MATERIJALNA STALNA SREDSTVA
0258,REVALORIZACIJA MATERIJALNIH SREDSTAVA U PRIPREMI
042,OSNOVNO STADO
6380,PRIHODI IZ RANIJIH GODINA
451,OBAVEZE ZA POREZ I POSEBNE DAŽBINE NA PLAĆE
0262,OPREMA VAN UPOTREBE
0263,VIŠEGODIŠNJI ZASADI VAN UPOTREBE
0264,STAMBENE ZGRADE I STANOVI VAN UPOTREBE
5590,OSTALI TROŠKOVI POSLOVANJA
027,AVANSI ZA NEKRETNINE POSTROJENJA I OPREMU
0270,DATI AVANS ZA ZEMLJIŠTE I ŠUME
0272,DATI AVANS ZA OPREMU
0273,DATI AVANS ZA VIŠEGODIŠNJE ZASADE I STADO
0275,OSTALI DATI AVANSI
0278,REVALORIZACIJA AVANSA
050,OSTALA STALNA MATERIJALNA SREDSTVA U UPOTREBI
0293,ISPRAVKA VRIJEDNOSTI ALAT I INVENTAR
0294,****ISPRAVKA VRIJEDNOSTI STAMBENIH ZGRADA I STANOVA
0295,****ISPRAVKA VRIJEDNOSTI OSTALIH MATERIJALA
03,INVESTICIJSKE NEKRETNINE
061,UČEŠĆA U KAPITALU DRUGIH PRAVNIH OSOBA
0610,UČEŠĆA U KAPITALU DRUGIH PRAVNIH LICA
0611,UČEŠĆA U KAPITALU DRUGIH PRAVNIH LICA
0618,UČEŠĆA U KAPITALU DRUGIH PRAVNIH LICA
060,UČEŠĆA U KAPITALU POVEZANIH PRAVNIH OSOBA
0600,UČEŠĆA U KAPITALU POVEZANIH PRAVNIH LICA
0320,UDJELI U PRAVNA LICA-ZAJEDNIČKE PODUHVATE
0608,UČEŠĆA U KAPITALU POVEZANIH PRAVNIH LICA
032,ULAGANJA U VLASTITE GRAĐEVINE
0611,UĆEŠĆA U KAPITALU DRUGIH PRAVNIH LICA
0321,MATERIJALNA ULAGANJA
0325,SUMNJIVA I SPORNA ULAGANJA
0328,REVALORIZACIJA ULAGANJA
151,DATI AVANSI ZA ZALIHE I USLUGE OSTALIM PRAVNIM OSOBAMA
0610,UĆEŠĆA U KAPITALU DRUGIH PRAVNIH LICA
0612,UĆEŠĆA U KAPITALU DRUGIH PRAVNIH LICA
0618,UĆEŠĆA U KAPITALU DRUGIH PRAVNIH LICA
034,VLASTITE DIONICE
0340,DIONICE KUPLJENE NA TRŽIŠTU
0348,REVALORIZACIJA VLASTITIH DIONICA
068,OSTALI DOGOROČNI FINANSIJSKI PLASMANI
0680,OSTALI DUGOROČNI FINANSIJSKI PLASMANI
0681,OSTALI DUGOROČNI FINANSIJSKI PLASMANI
0682,OSTALI DUGOROČNI FINANSIJSKI PLASMANI
038,OSTALA DUGOROČNA ULAGANJA
069,ISPRAVKA VRIJEDNOSTI DUGOROČNIH FINANSIJSKIH PLASMANA
04,BIOLOŠKA SREDSTVA
062,DUGOROČNI KREDITI DATI POVEZANIM PRAVNIM OSOBAMA
0620,DUGOROČNI KREDITI DATI POVEZANIM PRAVNIM LICIMA
0621,DUGOROČNI KREDITI DATI POVEZANIM PRAVNIM LICIMA
0628,DUGOROČNI KREDITI DATI POVEZANIM PRAVNIM LICIMA
041,VIŠEGODIŠNJI ZASADI
0440,KREDITI DATI ZAPOSLENIM ZA STAMBENE POTREBE
0448,OSTALI KREDITI DATI ZAPOSLENIM
0418,REVALORIZACIJA KREDITA
063,DUGOROČNI KREDITI DATI U ZEMLJI
0480,DUGOROČNI ROBNI KREDITI KUPCIMA-GRAĐANIMA
0481,DUGOROČNI POTROŠAČKI KREDITI KUPCIMA-GRAĐANIMA
0980,OSTALA DUGOROČNA RAZGRANIČENJA
0638,DUGOROČNI KREDITI DATI U ZEMLJI
043,KREDITI DATI DRUGIM PRAVNIM LICIMA
63982,OSTALI PRIHODI
029221,****ISPRAVKA VRIJEDNOSTI - AUTA
159,ISPRAVKA VRIJEDNOSTI DATIH AVANSA
0438,REVALORIZACIJA KREDITA
044,KREDITI DATI ZAPOSLENIM
055,OSTALA STALNA MATERIJALNA SREDSTVA U PRIPREMI
048,OSTALI DUGOROČNI KREDITI
0488,REVALORIZACIJA KREDITA
059,ISPRAVKA VRIJEDNOSTI OSTALIH STALNIH MATERIJALNIH SRED.
05,OSTALA STALNA MATERIJALNA SREDSTVA
2,GOTOVINA KRATKOROČNA POTRAŽIVANJA I PLASMANI
0680,OSTALI DUGOROČNI FINANSIJSKI PLASMANI
0681,OSTALI DUGOROČNI FINANSIJSKI PLASMANI
0682,OSTALI DUGOROČNI FINANSIJSKI PLASMANI
0683,OSTALI DUGOROČNI FINANSIJSKI PLASMANI
0685,OSTALI DUGOROČNI FINANSIJSKI PLASMANI
0688,OSTALI DUGOROČNI FINANSIJSKI PLASMANI
065,FINANSIJSKA SREDSTVA RASPOLOŽIVA ZA PRODAJU
202,IZDVOJENA NOVČANA SREDSTVA
20505,BLAGAJNA VZELJKA
0612,UČEŠĆA U KAPITALU DRUGIH PRAVNIH LICA
0613,UČEŠĆA U KAPITALU DRUGIH PRAVNIH LICA
070,POTRAŽIVANJA OD POVEZANIH PRAVNIH OSOBA
0700,POTRAŽIVANJA OD POVEZANIH PRAVNIH LICA
0708,POTRAŽIVANJA OD POVEZANIH PRAVNIH LICA
079,ISPRAVKA VRIJEDNOSTI DUGOROČNIH POTRAŽIVANJA
0790,ISPRAVKA VRIJEDNOSTI DUGOROČNIH POTRAŽIVANJA
0791,ISPRAVKA VRIJEDNOSTI DUGOROČNIH POTRAŽIVANJA
0795,ISPRAVKA VRIJEDNOSTI DUGOROČNIH POTRAŽIVANJA
06,DUGOROČNI FINANSIJSKI PLASMANI
091,UNAPRIJED PLAĆENI TROŠKOVI
0910,UNAPRIJED PLAĆENI TROŠKOVI (ZA PERIOD DUŽE OD 12 MJESECI)
0911,UNAPRIJED PLAĆENI TROŠKOVI (ZA PERIOD DUŽE OD 12 MJESECI)
098,OSTALA DUGOROČNA RAZGRANIČENJA
090,ODLOŽENA POREZNA SREDSTVA
10375,SERVISERSKI PRIBOR - RAČUNARSKI GADGETI
0901,ODLOŽENA POREZNA SREDSTVA
0902,ODLOŽENA POREZNA SREDSTVA
0903,ODLOŽENA POREZNA SREDSTVA
0904,ODLOŽENA POREZNA SREDSTVA
0905,ODLOŽENA POREZNA SREDSTVA
0906,ODLOŽENA POREZNA SREDSTVA
0908,ODLOŽENA POREZNA SREDSTVA
10,SIROVINE MATERIJALI REZERVNI DIJELOVI I SITAN INV.
100,OBRAČUN TROŠKA NABAVKE
1000,FAKTURNA VRIJEDNOST DOBAVLJAČA
1001,ZAVISNI TROŠKOVI NABAVKE
1002,CARINE POREZI I OSTALE PRISTOJBE PRI NABAVCI
1003,ŠPEDITERSKI I DRUGI POSREDNIČKI TROŠKOVI
1005,OSTALI ZAVISNI TROŠKOVI
1007,OBRAČUN NABAVKE
10101,SIROVINE I MATERIJALI U TUĐEM SKLADIŠTU
1012,GORIVO I MAZIVO
1016,SIROVINE I MATERIJALI U OBRADI DORADI I MANIPULACIJI
1018,REVALORIZACIJA SIROVINA I MATERIJALA
1020,REZERVNI DIJELOVI U SKLADIŠTU
1021,REZERVNI DIJELOVI U OBRADI DORADI I MANIPULACIJI U PRED.
1022,REZERVNI DIJELOVI U OBRADI DORADI I MANIPULACIJI IZVAN
1028,REVALORIZACIJA REZERVNIH DIJELOVA
1035,HTZ OPREMA - ZAŠTITNA OPREMA ZA RAD
10314,PRIBOR ZA ODRŽAVANJE POSL.PROSTORA (ČIŠĆ DIJELOVI)
1038,REVALORIZACIJA SITNOG INVENTARA
104,ALAT I SITAN INVENTAR
1040,SIROVINE I MATERIJALI VAN UPOTREBE
1041,REZERVNI DIJELOVI VAN UPORETBE
1042,SITAN INVENTAR VAN UPOTREBE
150,DATI AVANSI ZA ZALIHE I USLUGE OSTALIM PRAVNIM OSOBAMA
1500,DATI AVANSI ZA ZALIHE I USLUGE POVEZANIM PRAVNIM LICIMA
1501,DATI AVANSI ZA ZALIHE I USLUGE POVEZANIM PRAVNIM LICIMA
1502,DATI AVANSI ZA ZALIHE I USLUGE POVEZANIM PRAVNIM LICIMA
108,ODSTUPANJE OD CIJENA
1080,ODSTUPANJE OD CIJENA SIROVINA I MATERIJALA
1081,ODSTUPANJE OD CIJENA REZERVNIH DIJELOVA
1082,ODSTUPANJA OD CIJENA SITNOG INVENTARA
1090,ISPRAVKA VRIJEDNOSTI SIROVINA I MATERIJALA
1092,ISPRAVKA VRIJEDNOSTI REZERVNIH DIJELOVA
11,PROIZVODNJA U TOKU POLUPROIZVODNJA I NEDOVRS.USLUGE
110,PROIZVODNJA U TOKU - NEDOVRŠENI PROIZVODI
1101,PRENOS PROIZVODNJE U TOKU
1102,PRENOS ZAVRŠENE PROIZVODNJE
1108,REVALORIZACIJA PROIZVODNJE U TOKU
111,POLUPROIZVODI I DIJELOVI VLASTITE PROIZVODNJE
1110,PROIZVODI U DORADI OBRADI I MANIPULACIJI U PRDUZEĆU
1112,PROIZVODI U DORADI OBRADI I MANIPULACIJI VAN PREDUZEĆA
1119,OBRAČUN PROIZVODNJE U DORADI I OBRADI
114,POLUPROIZVODNJA U DORADI I OBRADI
1140,POLUPROIZVODI U DORADI I OBRADI
1141,POLUPROIZVODI U DORADI I OBRADI
1142,POLUPROIZVODI U DORADI I OBRADI
113,OBUSTAVLJENA PROIZVODNJA
1130,ZASTARJELA NEDOVRŠENA PROIZVODNJA
1131,NEUPOTREBLJIVA PROIZVODNJA
1132,ZABRANJENA PROIZVODNJA
118,ODSTUPANJE OD CIJENA
1180,ODSTUPANJE OD CIJENA PROIZVODNJE U TOKU
1182,ODSTUPANJE OD CIJENA POLUPROIZVODA
1184,ODSTUPANJE OD CIJENA OBUSTAVLJENE PROIZVODNJE
119,ISPRAVKA VRIJEDNOSTI NEDOVRŠENE PROIZVODNJE
12,GOTOVI PROIZVODI
120,PROIZVODNJA U SKLADIŠTU
1201,PROIZVODI U TUĐEM SKLADIŠTU
1202,PROIZVODI IZ ZAJEDNIČKE PROIZVODNJE
1208,REVALORIZACIJA PROIZVODA
121,PROIZVODI U MALOPRODAJNIM OBJEKTIMA
122,UKALKULISANA RAZLIKA U CIJENI
123,UKALKULISANI PDV
124,PROIZVODI U KOMISIONU I KONSIGNACIJI
1240,PROIZVODI U KOMISIONOJ PRODAJI
1242,PROIZVODI NA KONSIGNACIJI
125,PROIZVODI IZVAN UPOTREBE
126,PROIZVODI U OBRADI I DORADI
49961,OSTALA KRATKOROČNA RAZGRANIČENJA
128,ODSTUPANJE OD CIJENA
129,ISPRAVKA VRIJEDNOSTI PROIZVODA
13,ROBA
130,OBRAČUN TROŠKA NABAVKE ROBE
1302,POREZ NA PROMET I DRUGE DAŽBINE
1321,ROBA U PRODAJI NA VELIKO
1328,ROBA U PRODAJI NA VELIKO
134,ROBA U TRANZITU KOMISIONU I KONSIGNACIJI
1340,ROBA U TRANZITU KOMISIONU ILI KONSIGNACIJI
1342,ROBA U TRANZITU KOMISIONU ILI KONSIGNACIJI
1360,ROBA U OBRADI I DORADI
1362,ROBA U OBRADI I DORADI
135,ROBA NA PUTU
1350,ROBA ČIJI JE ROK UPOTREBE PROŠAO
1351,ROBA KOJA JE OŠTEĆENA
209,OROČENA NOVČANA SREDSTVA
1372,UKALKULISANA RAZLIKA U KOMISIONU I KONSIGNACIJI
1373,UKALKULISANA RAZLIKA ZA ROBU VAN UPOTREBE
20,GOTOVINA I GOTOVINSKI EKVIVALENTI
2004,TEKUĆI RAČUN
2006,PRELAZNI RAČUN BLAGX -> BLAGY
203,AKREDITIVI DOMAĆA VALUTA
2030,AKREDITIVI - DOMAĆA VALUTA
2055,PRENOS BLAGAJNI
10321,PRIBOR I MATERIJAL POTREBAN RAD RAČUNARA I RAČ. OPREME
2010,TRANSAKCIJSKI RAČUNI - STRANA VALUTA
49962,OSTALA KRATKOROČNA RAZGRANIČENJA
204,AKREDITIVI INOSTRANA VALUTA
2040,NEOPOZIVI DOKUMENTARNI AKREDATIV
2061,BLAGAJNE DOMAĆA VALUTA
2065,BLAGAJNE DOMAĆA VALUTA
207,GOTOVINSKI EKVIVALENTI
2070,GOTOVINSKI EKVIVALENTI
2071,GOTOVINSKI EKVIVALENTI
2072,GOTOVINSKI EKVIVALENTI
2073,GOTOVINSKI EKVIVALENTI
2080,DEPONOVANE PLATE KOD ZPP
2082,ČEKOVI
2083,MJENICE
21,POTRAŽIVANJA OD PRODAJE
210,KUPCI - POVEZANE PRAVNE OSOBE
2100,POTRAŽIVANJA OD MATICE
2101,POTRAŽIVANJA OD PODRUŽNICA
2105,SUMNJIVA I SPORNA POTRAŽIVANJA OD MATICE
2106,SUMNJIVA I SPORNA POOTRAŽIVANJA OD PODRUŽNICE
2108,REVALORIZACIJA POTRAŽIVANJA
212,KUPCI U INOSTRANSTVU
2709,PDV U PRIMLJENIM FAKTURAMA
5334,TROŠKOVI ZAKUPNINA I NAJMNINA
5568,POREZI ZAŠTITA OD PRIRODNIH NEPOGODA
2116,SUMNJIVA I SPORNA POTRAŽIVANJA OD POVEZANIH FIZIČKIH LICA
220,POTRAŽIVANJA OD IZVOZNIKA
2111,KUPCI U ZEMLJI
2118,KUPCI U ZEMLJI
2322,POTRAŽIVANJA OD ZAPOSLENIKA
2323,POTRAŽIVANJA OD ZAPOSLENIKA
2326,POTRAŽIVANJA OD ZAPOSLENIKA
6802,RASHODI PRI OŠTEĆENJU/SERVISIRANJU STALNIH SREDSTAVA
214,POTRAŽIVANJA ZA PRODATU ROBU U KOMISIONU I KONSIGNACIJI
2708,PDV U PRIMLJENIM FAKTURAMA
2145,SUMNJIVA I SPORNA POTRAŽIVANJA
2330,POTRAŽIVANJA OD DRŽAVNIH ORGANA I INSTITUCIJA
2332,POTRAŽIVANJA OD DRŽAVNIH ORGANA I INSTITUCIJA
2335,POTRAŽIVANJA OD DRŽAVNIH ORGANA I INSTITUCIJA
2163,SUMNJIVA I SPORNA POTRAŽIVANJA
2211,POTRAŽIVANJA OD SPECIFIČNIH POSLOVA
2218,POTRAŽIVANJA OD SPECIFIČNIH POSLOVA
22,POTRAŽIVANJA IZ SPECIFIČNIH POSLOVA
2450,FINANSIJSKA SREDSTVA NAMJENJENA TRGOVANJU
2451,FINANSIJSKA SREDSTVA NAMJENJENA TRGOVANJU
2455,FINANSIJSKA SREDSTVA NAMJENJENA TRGOVANJU
2458,FINANSIJSKA SREDSTVA NAMJENJENA TRGOVANJU
235,POTRAŽIVANJA ZA VIŠE PLAĆENE OSTALE POREZE I DOPRINOSE
222,POTRAŽIVANJA PO OSNOVU KONSIGNACIJE I KOMISIONE PRODAJE
228,OSTALA POTRAŽIVANJA IZ SPECIFIČNIH POSLOVA
229,ISPRAVKA VRIJEDNOSTI POTRAŽIVANJA IZ SPECIFIČNIH POSLOVA
2338,POTRAŽIVANJA OD DRŽAVNIH ORGANA I INSTITUCIJA
234,POTRAŽIVANJA ZA VIŠE PLAĆENI POREZ NA DOBIT
2340,POTRAŽIVANJA ZA VIŠE PLAĆENI POREZ NA DOBIT
2341,POTRAŽIVANJA ZA VIŠE PLAĆENI POREZ NA DOBIT
2556,POTRAŽIVANJA ZA VIŠE PLAĆENI POREZ NA DOBIT
2348,POTRAŽIVANJA ZA VIŠE PLAĆENI POREZ NA DOBIT
245,FINANSIJSKA SREDSTVA NAMJENJENA TRGOVANJU
2450,FINANSIJSKA SREDSTVA NAMJENJENA TRGOVANJU
2451,FINANSIJSKA SREDSTVA NAMJENJENA TRGOVANJU
2458,FINANSIJSKA SREDSTVA NAMJENJENA TRGOVANJU
238,OSTALA KRATKOROČNA POTRAŽIVANJA
231,POTRAŽIVANJA ZA KAMATU I DIVIDENDU OD DRUGIH SUBJEKATA
2328,POTRAŽIVANJA OD ZAPOSLENIKA
239,ISPRAVKA VRIJEDNOSTI DRUGIH KRATKOROČNIH POTRAŽIVANJA
23,DRUGA KRATKOROČNA POTRAŽIVANJA
240,KRATKOROČNI KREDITI POVEZANIM PRAVNIM LICIMA
2400,KRATKOROČNI KREDITI POVEZANIM PRAVNIM LICIMA
2401,KRATKOROČNI KREDITI POVEZANIM PRAVNIM LICIMA
2408,KRATKOROČNI KREDITI POVEZANIM PRAVNIM LICIMA
241,KRATKOROČNI KREDITI DATI U ZEMLJI
244,KRATKOROČNI DIO DUGOROČNIH VRIJEDNOSNIH PAPIRA
246,DRUGA FINANSIJSKA SREDSTVA OZNAČENA PO FER VRIJEDNOSTI
27,POTRAŽIVANJA ZA PDV - ODBITNI ULAZNI POREZ
243,KRATKOROČNI DIO DUGOROČNIH KREDITA
28,AKTIVNA VREMENSKA RAZGRANIČENJA
289,OSTALA KRATKOROČNA RAZGRANIČENJA
2455,FINANSIJSKA SREDSTVA NAMJENJENA TRGOVANJU
29,GUBITAK IZNAD VISINE KAPITALA
242,KRATKOROČNI KREDITI DATI U INOSTRANSTVO
2420,KRATKOROČNI KREDITI DATI U INOSTRANSTVU
2421,KRATKOROČNI KREDITI DATI U INOSTRANSTVU
2425,KRATKOROČNI KREDITI DATI U INOSTRANSTVU
2428,KRATKOROČNI KREDITI DATI U INOSTRANSTVU
283,NEREALIZOVANI GUBICI OD DRŽANJA ULAGANJA U VR.PAPIRE
303,ZADRUŽNI UDJELI
2488,OSTALI KRATKOROČNI FINANSIJSKI PLASMANI
249,ISPRAVKA VRIJEDNOSTI KRATKOROČNIH FINANSIJSKIH PLASMANA
24,AKTIVNA VREMENSKA RAZGRANIČENJA
2800,UNAPRIJED PLAĆENI RASHODI
2801,UNAPRIJED PLAĆENI RASHODI
2802,UNAPRIJED PLAĆENI RASHODI
2805,UNAPRIJED PLAĆENI RASHODI
281,POTRAŽIVANJA ZA NEFAKTURISANI PRIHOD
2810,POTRAŽIVANJA ZA NEFAKTURISANI PRIHOD
2811,POTRAŽIVANJA ZA NEFAKTURISANI PRIHOD
2815,POTRAŽIVANJA ZA NEFAKTURISANI PRIHOD
2880,ODLOŽENA POREZNA SREDSTVA
2881,ODLOŽENA POREZNA SREDSTVA
2882,ODLOŽENA POREZNA SREDSTVA
2883,ODLOŽENA POREZNA SREDSTVA
2885,ODLOŽENA POREZNA SREDSTVA
30,OSNOVNI KAPITAL
1510,AVANSI DATI DOMACIM DOBAVLJACIMA
1511,AVANSI DATI STRANIM DOBAVLJACIMA
5291,DONACIJE
5121,UTROŠENO GORIVO
5122,GRIJANJE
5131,UTROŠENI REZERVNI DIJELOVI
5139,UTROŠENI REZERVNI DIJELOVI
5143,OTPIS SITNOG INVENTARA
5149,OTPIS SITNOG INVENTARA
519,ODSTUPANJE OD CIJENA
5190,URAČUNATO ODSTUPANJE OD CIJENA
5191,URAČUNATO ODSTUPANJE OD CIJENA
5192,URAČUNATO ODSTUPANJE OD CIJENA
5193,URAČUNATO ODSTUPANJE OD CIJENA
5199,URAČUNATO ODSTUPANJE OD CIJENA
31,UPISANI NEUPLAĆENI KAPITAL
02237,NAMJEŠTAJ
02229,RAČUNARSKA I TELEKOM INFRASTRUKTURA
5408,AMORTIZACIJA DO VISINE POREZNO PRIZNATIH RASHODA
32,REZERVE
5201,POREZ NA PLAĆU
5202,DOPRINOS ZA PIO NA PLATU
304,ULOZI
5203,DOPRINOS ZA ZDRAVSTVENO
5204,DOPRINOS ZA OSIGURANJE OD NEZAPOSLENOSTI
305,DRŽAVNI KAPITAL
5210,TROŠKOVI NAKNADA PLAĆA
5211,TROŠKOVI NAKNADA PLAĆA
5212,TROŠKOVI NAKNADA PLAĆA
309,OSTALI OSNOVNI KAPITAL
5213,TROŠKOVI NAKNADA PLAĆA
528,OSTALI TROŠKOVI ZAPOSLENIH
5281,REGRES ZA GODIŠNJI ODMOR
5282,OSTALI TROŠKOVI ZAPOSLENIH
5289,OSTALI TROŠKOVI ZAPOSLENIH
319,OSTALI NEUPISANI NEUPLAĆENI KAPITAL
530,TROŠKOVI USLUGA IZRADE I DORADE UČINAKA
5300,TROŠKOVI USLUGA IZRADE I DORADE UČINAKA
5301,TROŠKOVI USLUGA IZRADE I DORADE UČINAKA
5302,TROŠKOVI USLUGA IZRADE I DORADE UČINAKA
5309,TROŠKOVI USLUGA IZRADE I DORADE UČINAKA
5311,TROŠKOVI TRANSPORTNIH USLUGA
5312,TROŠKOVI TRANSPORTNIH USLUGA
5319,TROŠKOVI TRANSPORTNIH USLUGA
5322,TROŠKOVI USLUGA ODRŽAVANJA
5541,TROŠKOVI POŠTANSKIH I TELEKOMUNIKACIONIH USLUGAPRODAJU
339,OSTALE REVALORIZACIONE REZERVE I NEREAL.GUBICI I DOBICI
5331,TROŠKOVI ZAKUPNINA I NAJMNINA
5332,TROŠKOVI ZAKUPNINA I NAJMNINA
5333,TROŠKOVI ZAKUPNINA I NAJMNINA
5339,TROŠKOVI ZAKUPNINA I NAJMNINA
5351,TROŠKOVI REKLAMA SPONZORSTVA
5352,TROŠKOVI REKLAMA SPONZORSTVA
5359,TROŠKOVI REKLAMA SPONZORSTVA
5521,TROŠKOVI OSIGURANJA
5522,TROŠKOVI OSIGURANJA
5523,TROŠKOVI OSIGURANJA
5529,TROŠKOVI OSIGURANJA
5533,BANKARSKE USLUGE
5539,BANKARSKE USLUGE
5511,TROŠKOVI REPREZENTACIJE
5512,TROŠKOVI REPREZENTACIJE
5519,TROŠKOVI REPREZENTACIJE
523,TROŠKOVI SLUŽBENIH PUTOVANJA ZAPOSLENIH
5231,PARKING
5240,TROŠKOVI OSTALIH PRIMANJA NAKNADA I MATERIJALNIH PRAVA
5241,TROŠKOVI OSTALIH PRIMANJA NAKNADA I MATERIJALNIH PRAVA
5243,TROŠKOVI OSTALIH PRIMANJA NAKNADA I MATERIJALNIH PRAVA
4839,DOPRINOSI ČLANARINE I DRUGA DAVANJA
543,TROŠKOVI REZERVISANJA IZ OSNOVA DATIH GARANTNIH ROKOVA
10311,ALAT ZA SERVISIRANJE RAČ. OPREME
55409,TROŠKOVI POŠTANSKIH I TELEKOMUNIKACIONIH USLUGAPRODAJU
5393,TROŠKOVI OSTALIH USLUGA
10312,ALAT I PRIBOR ZA ODRŽAVANJE AUTA OPREMA ZA AUTO
5399,TROŠKOVI OSTALIH USLUGA
35,GUBITAK DO VISINE KAPITALA
5601,FINANSIJSKI RASHODI IZ ODNOSA S POVEZANIM PRAVNIM LICIMA
5602,FINANSIJSKI RASHODI IZ ODNOSA S POVEZANIM PRAVNIM LICIMA
5603,FINANSIJSKI RASHODI IZ ODNOSA S POVEZANIM PRAVNIM LICIMA
5609,FINANSIJSKI RASHODI IZ ODNOSA S POVEZANIM PRAVNIM LICIMA
5691,OSTALI FINANSIJSKI RASHODI
5699,OSTALI FINANSIJSKI RASHODI
358,OSTALI TROŠKOVI FINANSIRANJA
36,OTKUPLJENE VLASTITE DIONICE I UDJELI
400,REZERVISANJA ZA TROŠKOVE U GARANTNOM ROKU
4000,REZERVISANJA ZA TROŠKOVE U GARANTNOM ROKU
405,REZERVISANJA PO ZAPOČETIM SUDSKIM SPOROVIMA
4050,REZERVISANJA ZA TROŠKOVE PO ZAPOČETIM SUD.SPOROVIMA
10313,ALAT ZA ODRŽAVANJE POSLOVNOG PROSTORA
4059,REZERVISANJA ZA TROŠKOVE PO ZAPOČETIM SUD.SPOROVIMA
37,RASPORED TROŠKOVA
371,RASPORED TROŠKOVA U OBRAČUNU POSLOVNOG REZULTATA
40,DUGOROČNA REZERVISANJA I ODLOŽENE POREZNE OBAVEZE
3009,DIONIČKI KAPITAL
41,DUGOROČNE OBAVEZE
42,KRATKOROČNE FINANSIJSKE OBAVEZE
43,OBAVEZE IZ POSLOVANJA
3211,ZAKONSKE REZERVE
44,OBAVEZE IZ SPECIFIČNIH POSLOVA
3401,NERASPOREĐENA DOBIT RANIJIH GODINA
45,OBAVEZE PO OSNOVU PLAĆA NAKNADA I OST.PRIMANJA ZAPOSL.
3501,GUBITAK RANIJIH GODINA
46,DRUGE OBAVEZE
47,OBAVEZE ZA PDV
3601,OTKUPLJENE VLASTITE DIONICE I UDJELI
3602,OTKUPLJENE VLASTITE DIONICE I UDJELI
3603,OTKUPLJENE VLASTITE DIONICE I UDJELI
3604,OTKUPLJENE VLASTITE DIONICE I UDJELI
3605,OTKUPLJENE VLASTITE DIONICE I UDJELI
50,NABAVNA VRIJEDNOST PRODATE ROBE
411,DUGOROČNE OBAVEZE PREMA POVEZANIM PRAVNIM LICIMA
4110,DUGOROČNE OBAVEZE PREMA POVEZANIM PRAVNIM LICIMA
4111,DUGOROČNE OBAVEZE PREMA POVEZANIM PRAVNIM LICIMA
4709,PDV OBRAČUNAT PO PRIJAVI
419,OSTALE DUGOROČNE OBAVEZE
4190,OSTALE DUGOROČNE OBAVEZE
4191,OSTALE DUGOROČNE OBAVEZE
4198,OSTALE DUGOROČNE OBAVEZE
416,DUGOROČNE OBAVEZE PO FINANSIJSKOM LIZINGU U INOSTRANSTVU
4130,DUGOROČNI KREDITI UZETI U ZEMLJI
4131,DUGOROČNI KREDITI UZETI U ZEMLJI
4135,DUGOROČNI KREDITI UZETI U ZEMLJI
4138,DUGOROČNI KREDITI UZETI U ZEMLJI
414,DUGOROČNI KREDITI UZETI U INOZEMSTVU
4140,DUGOROČNI KREDITI UZETI U INOSTRANSTVU
4141,DUGOROČNI KREDITI UZETI U INOSTRANSTVU
4145,DUGOROČNI KREDITI UZETI U INOSTRANSTVU
412,OBAVEZE PO EMITOVANIM DUGOROČNIM VRIJEDNOSNIM PAPIRIMA
4120,OBAVEZE PO EMITOVANIM DUGOROČNIM VRIJEDNOSNIM PAPIRIMA
4121,OBAVEZE PO EMITOVANIM DUGOROČNIM VRIJEDNOSNIM PAPIRIMA
4125,OBAVEZE PO EMITOVANIM DUGOROČNIM VRIJEDNOSNIM PAPIRIMA
410,OBAVEZE KOJE SE MOGU KONVERTOVATI U KAPITAL
4100,OBAVEZE KOJE SE MOGU KONVERTOVATI U KAPITAL
4101,OBAVEZE KOJE SE MOGU KONVERTOVATI U KAPITAL
4105,OBAVEZE KOJE SE MOGU KONVERTOVATI U KAPITAL
51,MATERIJALNI TROŠKOVI
408,ODLOŽENE POREZNE OBAVEZE
4080,ODLOŽENE POREZNE OBAVEZE
4081,ODLOŽENE POREZNE OBAVEZE
4088,ODLOŽENE POREZNE OBAVEZE
417,DUGOROČNE OBAVEZE PO FER VRIJEDNOSTI KROZ RAČUN DOBITI
342,NERASPOREĐENI VIŠAK PRIHODA RANIJIH GODINA
343,NERASPOREĐENI VIŠAK PRIHODA IZVJEŠTAJNE GODINE
4098,OSTALA DUGOROČNA RAZGRANIČENJA
407,UNAPRIJED NEPLAĆENI I DRUGI ODLOŽENI PRIHODI
352,NEPOKRIVENI VIŠAK RASHODA RANIJIH GODINA
353,NEPOKRIVENI VIŠAK RASHODA IZVJEŠTAJNE GODINE
4078,UNAPRIJED NAPLAĆENI I DRUGI ODLOŽENI PRIHODI
415,DUGOROČNE OBAVEZE PO FINANSIJSKOM LIZINGU U ZEMLJI
14,STALNA SREDSTVA I SR.OBUSTAVLJENOG POSLOVANJA ZA PRODAJU
4091,OSTALA DUGOROČNA RAZGRANIČENJA
425,KRATKOROČNI DIO DUGOROČNIH OBAVEZA PO FIN.LIZINGU
4070,UNAPRIJED NAPLAĆENI I DRUGI ODLOŽENI PRIHODI
4071,UNAPRIJED NAPLAĆENI I DRUGI ODLOŽENI PRIHODI
4075,UNAPRIJED NAPLAĆENI I DRUGI ODLOŽENI PRIHODI
402,REZERVISANJA ZA ZADRŽANE KAUCIJE I DEPOZITE
53,TROŠKOVI PROIZVODNIH USLUGA
420,OBAVEZE PREMA POVEZANIM PRAVNIM LICIMA
4200,OBAVEZE PREMA POVEZANIM PRAVNIM LICIMA
4201,OBAVEZE PREMA POVEZANIM PRAVNIM LICIMA
4208,OBAVEZE PREMA POVEZANIM PRAVNIM LICIMA
429,OSTALE KRATKOROČNE FINANSIJSKE OBAVEZE
4290,OSTALE KRATKOROČNE FINANSIJSKE OBAVEZE
4291,OSTALE KRATKOROČNE FINANSIJSKE OBAVEZE
4295,OSTALE KRATKOROČNE FINANSIJSKE OBAVEZE
422,KRATKOROČNI KREDITI UZETI U ZEMLJI
4220,KRATKOROČNI KREDITI
4221,KRATKOROČNI KREDITI UZETI U ZEMLJI
4225,KRATKOROČNI KREDITI UZETI U ZEMLJI
4228,KRATKOROČNI KREDITI UZETI U ZEMLJI
4230,KRATKOROČNI KREDITI UZETI U INOSTRANSTVU
4231,KRATKOROČNI KREDITI UZETI U INOSTRANSTVU
4235,KRATKOROČNI KREDITI UZETI U INOSTRANSTVU
424,KRATKOROČNI DIO DUGOROČNIH KREDITA
4,OBAVEZE REZERVISANJA I RAZGRANIČENJA
440,OBAVEZE PREMA UVOZNIKU
441,OBAVEZE PO OSNOVU IZVOZA ZA TUĐI RAČUN
431,DOBAVLJAČI - POVEZANA PRAVNA LICA
4310,DOBAVLJAČI - POVEZANA PRAVNA LICA
4311,DOBAVLJAČI - POVEZANA PRAVNA LICA
449,OSTALE OBAVEZE IZ SPECIFIČNIH POSLOVA
4320,DOBAVLJAČI U ZEMLJI
443,OBAVEZE IZ ZAJEDNIČKIH POSLOVA
433,DOBAVLJAČI U INOSTRANSTVU
4330,DOBAVLJAČI U INOSTRANSTVU
4331,DOBAVLJAČI U INOSTRANSTVU
4211,OBAVEZE PO EMITOVANIM KRATKOROČNIM VRIJEDNOSNIM PAPIRIMA
4215,OBAVEZE PO EMITOVANIM KRATKOROČNIM VRIJEDNOSNIM PAPIRIMA
461,OBAVEZE ZA DIVIDENDE
4610,OBAVEZE ZA DIVIDENDE
4611,OBAVEZE ZA DIVIDENDE
4612,OBAVEZE ZA DIVIDENDE
4615,OBAVEZE ZA DIVIDENDE
4421,OBAVEZE PO OSNOVU KOMISIONE I KONSIGNACIONE PRODAJE
4424,OBAVEZE PO OSNOVU KOMISIONE I KONSIGNACIONE PRODAJE
4425,OBAVEZE PO OSNOVU KOMISIONE I KONSIGNACIONE PRODAJE
4426,OBAVEZE PO OSNOVU KOMISIONE I KONSIGNACIONE PRODAJE
55,NEMATERIJALNI TROŠKOVI
4900,UNAPRIJED OBRAČUNATI RASHODI PERIODA
4901,UNAPRIJED OBRAČUNATI RASHODI PERIODA
4905,UNAPRIJED OBRAČUNATI RASHODI PERIODA
4910,OBRAČUNATI PRIHODI NAREDNOG PERIODA
4911,OBRAČUNATI PRIHODI NAREDNOG PERIODA
4915,OBRAČUNATI PRIHODI NAREDNOG PERIODA
4990,OSTALA KRATKOROČNA RAZGRANIČENJA
60,PRIHODI OD PRODAJE ROBE
600,PRIHODI OD PRODAJE ROBE POVEZANIM PRAVNIM LICIMA
6000,VRIJEDNOST PRODATIH POLUPROIZVODA
6001,VRIJEDNOST PRODATIH PROIZVODA SA SKLADIŠTA
6002,VRIJEDNOST PRODATIH PROIZVODA IZ PRODAVNICE
6003,VRIJEDNOST PRODATIH PROIZVODA U INOSTRANSTVO
6004,VRIJEDNOST UPOTREBLJENIH PROIZVODA ZA SOPSTVENE POTREBE
6023,VRIJEDNOST PRODATIH STALNIH SREDSTAVA
200990,* PRELAZNI KTO ZA TEKUĆI RAČUN HVB CPB
61,PRIHODI OD PRODAJE UČINAKA
610,PRIHODI OD PRODAJE UČINAKA POVEZANIM PRAVNIM LICIMA
6100,PRIHODI OD SUDJELUJUĆIH INTERESA
6101,PRIHODI OD ULAGANJA U MATICU
6102,PRIHODI OD ULAGANJA U PODRUŽNICE
613,PRIHODI OD DIVIDENDI I UDJELA U DOBIT NEP.DRUŠTAVA
6130,PRIHODI OD DIVIDENDI I UDJELA U DOBIT NEPOV.DRUŠTAVA
616,PRIHODI U VISINI REALIZ.DOBITAKA OD PRODANIH DIONICA
6160,PRIHODI U VISINI REAL.DOBITAKA OD PRODANIH DIONICA
619,OSTALI FINANSIJSKI PRIHODI
6190,OSTALI FINANSIJSKI PRIHODI
6191,OSTALI FINANSIJSKI PRIHODI
62,PRIHODI OD AKTIVIRANJA ILI POTROŠNJE ROBE I UČINAKA
6121,PRIHODI OD KAMATA PO OSNOVU ZAJMOVA I OST.FIN.PRIHODI
6125,PRIHODI OD KAMATA PO OSNOVU ZAJMOVA I OST.FIN.PRIHODI
615,POZITIVNE KURSNE RAZLIKE
6280,POZITIVNE RAZLIKE U CIJENI PLEMENITIH METALA
63,OSTALI PRIHODI
630,PRIHODI OD SUBVENCIJADOTACIJAPOTPORAPOTICAJA I SL.
6310,OTPISANE OBAVEZE PREMA DOBAVLJAČIMA
6311,OTPISANE OBAVEZE PO KREDITIMA
6315,OTPISANE OSTALE OBAVEZE
6320,VIŠKOVI MATERIJALA
6321,VIŠKOVI POLUPROIZVODA I PROIZVODA
6322,VIŠKOVI ROBE
6323,VIŠKOVI SITNOG INVENTARA
6324,VIŠKOVI NOVČANIH SREDSTAVA
6325,OSTALI VIŠKOVI
633,PRIHODI OD PRODANOG MATERIJALAREZ.DIJELOVA I SIT.INVENT.
6330,VRIJEDNOST PRODATOG MATERIJALA IZ PROIZVODNJE
6331,VRIJEDNOST PRODATOG MATERIJALA IZ SKLADIŠTA
629,DOBICI OD PRODAJE OSTALIH STALNIH (NETEK.) SREDSTAVA
6395,OSTALI PRIHODI
64,PROMJENA VRIJEDNOSTI SPECIFIČNIH STALNIH SREDSTAVA
640,POVEĆANJE VRIJEDNOSTI INVESTICIJSKIH NEKRETNINA
6400,PRIHODI IZ PRETHODNIH GODINA
65,OSTALI POSLOVNI PRIHODI
650,PRIHODI OD PREMIJA SUBVENCIJA POTICAJA I SL.
6500,TROŠKOVI PRODATIH POLUPROIZVODA
6502,TROŠKOVI PRODATIH PROIZVODA IZ PRODAVNICE
651,PRIHODI OD ZAKUPA
653,PRIHODI OD ČLANARINA
6530,TROŠKOVI PRODAJE SA SKLADIŠTA
6531,TROŠKOVI PRODAJE U TRANZITU
6532,TROŠKOVI PRODAJE IZ PRODAVNICA
654,PRIHODI OD TANTIJEMA I LICENCNIH PRAVA
6540,VREMENSKI TROŠKOVI
6541,TROŠKOVI ADMINISTRACIJE
6545,OSTALI ADMINISTRATIVNI TROŠKOVI
658,USKLAĐIVANJE VRIJEDNOSTI ZALIHA
6580,TROŠKOVI PRODATOG MATERIJALA
6585,OSTALI TROŠKOVI PRODAJE
66,FINANSIJSKI PRIHODI
666,RASHODI U VISINI GUBITAKA PRI PRODAJI DIONICA
6660,RASHODI U VISINI GUBITKA PRI PRODAJI DIONICA
661,PRIHODI OD KAMATA
5401,AMORTIZACIJA DO VISINE POREZNO PRIZNATIH RASHODA
660,FINANSIJSKI PRIHODI OD POVEZENIH PRAVNIH LICA
6600,RASHODI OD ULAGANJA U PRIDR.PRAVNA LICA
67,OSTALI PRIHODI I DOBICI
6621,KAMATE PO OSNOVU ZAJMOVA I KREDITA I OST.FIN.RASHODI
6625,KAMATE PO OSNOVU ZAJMOVA I KREDITA I OST.FIN.RASHODI
6780,NEGATIVNE RAZLIKE U CIJENI PLEMENITIH METALA
68,PRIHODI/DOBICI IZ OSNOVA USKLAĐIVANJA VRIJEDN.SREDSTAVA
681,PRIHODI OD USKLAĐIVANJA VRIJEDNOSTI MATERIJ.SREDSTAVA
6810,OTPIS I ISPRAVKA VRIJED.MAT. REZERVNIH DIJEL. I SIT.INV.
6811,OTPIS I ISPRAVKA VRIJEDNOSTI POLUPROIZVODA I PROIZVODA
6812,OTPIS I ISPRAVKA VRIJEDNOSTI ROBE
6815,OTPIS I ISPRAVKA OSTALIH ZALIHA
6820,MANJKOVI MATERIJALA
6821,MANJKOVI POLUPROIZVODA I PROIZVODA
6823,MANJKOVI SITNOG INVENTARA
6824,MANJKOVI NOVČANIH SREDSTAVA
6825,OSTALI MANJKOVI
683,PRIHODI OD USKL.VRIJEDNOSTI BIOLOŠKIH SREDSTAVA
6831,UGOVORENI PENALI
6832,NAKNADE ŠTETE RADNICIMA I STANOVNIŠTVU
6835,NAKNADE OSTALIH ŠTETA
6840,OTPIS I ISPRAVKA VRIJEDNOSNIH PAPIRA
6841,OTPIS I ISPRAVKA POTRAŽIVANJA OD KUPACA
6845,OTPIS I ISPRAVKA OSTALIH POTRAŽIVANJA
670,DOBICI OD PRODAJE NEMATERIJALNIH I MATERIJALNIH SREDSTAVA
6880,NEGATIVNA RAZLIKA VREMENSKA RAZGRANIČENJA
6816,OTPIS NEISPRAVNIH SREDSTAVA
69,EFEKTI PROMJENA RAČUNOVODSTV.POLITIKA I GR.IZ RAN.GODINA
690,PRIHODI IZ OSNOVA PROMJENE RAČUNOVNODSTVENIH POLITIKA
6900,VANREDNI RASHODI IZ PREDHODNIH GODINA
70,OTVARANJE GLAVNE KNJIGE
71,ZAKLJUČAK KONTA USPJEHA
72,RAČUN DOBITI I GUBITKA
2900,GUBITAK IZNAD VISINE KAPITALA
2901,GUBITAK IZNAD VISINE KAPITALA
2112,KUPCI U ZEMLJI
4903,UNAPRIJED OBRAČUNATI RASHODI PERIODA
55402,TROŠKOVI POŠTANSKIH I TELEKOMUNIKACIONIH USLUGAPRODAJU
55651,POREZI KOJI NE ZAVISE OD FIN.REZULTATA I TAKSE
452,OBAVEZE ZA DOPRINOSE U VEZI PLAĆA I NAKNADA PLAĆA
029205,***ISPRAVKA VRIJEDNOSTI - SOFTWARE
5245,TROŠKOVI OSTALIH PRIMANJA NAKNADA I MATERIJALNIH PRAVA
5232,JAVNI PREVOZ
5564,POREZIDOPRINOSI ZA VODOPRIVREDU
02210,PUTNIČKA MOTORNA VOZILA
20151,TRANSAKCIJSKI RAČUNI - STRANA VALUTA
4902,UNAPRIJED OBRAČUNATI RASHODI PERIODA
539001,TROŠKOVI OSTALIH USLUGA
1033,AUTO GUME
2216,POTRAŽIVANJA OD SPECIFIČNIH POSLOVA
10372,SITAN INVENTAR - RAČUNARSKA TELEKOM. OPREMA
453,OBAVEZE ZA NETO NAKNADE PLAĆA KOJE SE REFUNDIRAJU
5246,TROŠKOVI OSTALIH PRIMANJA NAKNADA I MATERIJALNIH PRAVA
3710,RASPORED TROŠKOVA U OBRAČUNU POSLOVNOG REZULTATA
7005,PRIHODI
7006,DOBIT
7007,GUBITAK
1210,PRODAVNICA 1 GOTOVI PROIZVOD
02211,DOSTAVNA MOTORNA VOZILA
55403,TROŠKOVI POŠTANSKIH I TELEKOMUNIKACIONIH USLUGAPRODAJU
6396,OSTALI PRIHODI
02231,****** RAČUNARSKA OPREMA-OŠTEĆENA
02921,****ISPRAVKA VRIJEDNOSTI - RAČUNARI OŠTEĆENI
1329,ROBA U PRODAJI NA VELIKO
5534,BANKARSKE USLUGE
20052,* PRELAZNI KTO VOLKSBANK KORISTITI 2005
454,OBAVEZE ZA POREZ I POS.DAŽBINE NA NAKNADE PLAĆA KOJE SE R
455,OBAVEZE ZA DOPRINOSE U VEZI NAKNADA PLAĆA KOJE SE REF.
5326,TROŠKOVI USLUGA ODRŽAVANJA
13851,UKALKULISANI POREZ NA PROMET PROIZVODA T N1
138522,UKALKULISANI POREZ NA PROMET PROIZVODA T2
4212,OBAVEZE PO EMITOVANIM KRATKOROČNIM VRIJEDNOSNIM PAPIRIMA
5233,TROŠKOVI SLUŽBENIH PUTOVANJA ZAPOSLENIH
456,OBAVEZE ZA OSTALA NETO PRIMANJA NAKNADE TROŠKOVA UPOSLE.
5358,TROŠKOVI REKLAMA SPONZORSTVA
02721,DATI AVANS ZA OPREMU OD-INO DOBAVLJAČA
55401,TROŠKOVI POŠTANSKIH I TELEKOMUNIKACIONIH USLUGA
457,OBAVEZE ZA POREZ I POSEBNE DAŽBINE NA OSTALA PRIMANJA UP.
217,SUMNJIVA I SPORNA POTRAŽIVANJA
458,OBAVEZE ZA DOPRINOSE U VEZI OSTALIH PRIMANJA UPOSLENIH
2001,KM RAČUN VOLKSBANK
20051,* PRELAZNI KTO UNION BANKA - KRISTITI 2005
460,OBAVEZE PO OSNOVU KAMATA I TROŠKOVA FINANSIRANJA
462,OBAVEZE ZA UČEŠĆE U DOBITI
463,OBAVEZE ZA NAKNADE ČLANOVIMA ODBORA KOMISIJA I SL.
464,OBAVEZE ZA POREZ ČLANOVIMA ODBORA KOMISIJA I SL.
465,OBAVEZE ZA DOPRINOSE U VEZI NAKNADA ČLANOVIMA ODBORA
466,OBAVEZE PREMA FIZIČKIM LICIMA ZA NAKNADE PO UGOVORIMA
467,OBAVEZE ZA POREZ NA NAKNADE FIZIČKIM LICIMA
468,OBAVEZE ZA DOPRINOSE U VEZI NAKNADA FIZIČKIM LICIMA
469,OSTALE OBAVEZE
48,OBAVEZE ZA OSTALE POREZE DOPRINOSE I DRUGE DAŽBINE
480,OBAVEZE ZA AKCIZE
482,OBAVEZE ZA POREZE CARINE I DR.DAŽBINE IZ NABAVKETROŠK.
484,OBAVEZE ZA PDV KOJE SE PLAĆA PRI UVOZU
489,OSTALE OBAVEZE ZA POREZE DOPR. I DR.DAŽBINE
49,PASIVNA VREMENSKA RAZGRANIČENJA
5,RASHODI
500,NABAVKA ROBE
5110,UTROŠENE SIROVINE I MATERIJAL
5611,ZATEZNE KAMATE
20506,BLAGAJNA SEMIR
2380,KRATKOROČNE POZAJMICE
4801,OBAVEZE KOMUNALNA TAKSA
6503,JU KANTONALNI ZAVOD ZA ZAPOŠLJAVANJE POTICAJ
55301,BANKARSKE USLUGE
501,NABAVNA VRIJEDNOST PRODATE ROBE
51323,UTROŠENI REZERVNI DIJELOVI
2172,SUMNJIVA I SPORNA POTRAŽIVANJA OD OSTALIH KUPACA
2170,SUMNJIVA I SPORNA POTRAŽIVANJA OD KUPACA - PRAVNIH LICA
138511,UKALKULISANI POREZ NA PROMET PROIZVODA T1
13852,UKALKULISANI POREZ NA PROMET PROIZVODA T2
48186,OBAVEZE ZA POREZ NA DOBIT
0613,UĆEŠĆA U KAPITALU DRUGIH PRAVNIH LICA
0614,UĆEŠĆA U KAPITALU DRUGIH PRAVNIH LICA
0615,UĆEŠĆA U KAPITALU DRUGIH PRAVNIH LICA
0616,UĆEŠĆA U KAPITALU DRUGIH PRAVNIH LICA
0617,UĆEŠĆA U KAPITALU DRUGIH PRAVNIH LICA
0622,DUGOROČNI KREDITI DATI POVEZANIM PRAVNIM LICIMA
13301,ROBA U MALOPRODAJNIM OBJEKTIMA
2803,UNAPRIJED PLAĆENI RASHODI
1331,ROBA U MALOPRODAJNIM OBJEKTIMA
68311,NAKANADA ZA KAŠNJENJE-VISA
502,NABAVNA VRIJEDNOST PRODATIH NEKRETNINA
21101,KUPCI U ZEMLJI
20504,BLAGAJNA VSASA
65851,NEGATIVNA RAZLIKA IZMEĐU NABAVNE I PRODAJNE VRIJEDNOSTI E
10373,SITAN INVENTAR - KNJIGE STRUČNA LITERATURA
5247,TROŠKOVI OSTALIH PRIMANJA NAKNADA I MATERIJALNIH PRAVA
48399,DOPRINOSI ČLANARINE I DRUGA DAVANJA
510,NABAVKA SIROVINAMATERIJALAREZERV.DIJELOVA I INVENTARA
4906,UNAPRIJED OBRAČUNATI RASHODI PERIODA
5125,USLUGE PREVOZA
8999999,VANBILANSNA EVIDENCIJA
55600,EDUKACIJA SEMINARI
5235,TROŠKOVI SLUŽBENIH PUTOVANJA ZAPOSLENIH
539004,TROŠKOVI OSTALIH USLUGA
3900,DONACIJE
21102,KUPCI U ZEMLJI
029222,****ISPRAVKA VRIJEDNOSTI - UREŠAJI I INSTALACIJE
5126,UTROŠENA ENERGIJA I GORIVO
55643,POREZI KOJI NE ZAVISE OD FIN.REZULTATA I TAKSE
4516,OBAVEZE ZA POREZ I POSEBNE DAŽBINE NA PLAĆE I NAKNADE
6393,OSTALI PRIHODI
20058,* PRELAZNI KTO UPI BANKA KORISTITI 2005
44238,OBAVEZE PO OSNOVU KOMISIONE I KONSIGNACIONE PRODAJE
55681,POREZI KOJI NE ZAVISE OD FIN.REZULTATA I TAKSE
44290,OBAVEZE PO OSNOVU KOMISIONE I KONSIGNACIONE PRODAJE
53991,TROŠKOVI OSTALIH USLUGA
53931,TROŠKOVI OSTALIH USLUGA
44240,OBAVEZE PO OSNOVU KOMISIONE I KONSIGNACIONE PRODAJE
44291,OBAVEZE PO OSNOVU KOMISIONE I KONSIGNACIONE PRODAJE
55649,POREZI KOJI NE ZAVISE OD FIN.REZULTATA I TAKSE
52,TROŠKOVI PLAĆA I OSTALIH PRIMANJA ZAPOSLENIH
232010,POTRAŽIVANJA OD ZAPOSLENIKA
556710,POREZI KOJI NE ZAVISE OD FIN.REZULTATA I TAKSE
2325,POTRAŽIVANJA OD ZAPOSLENIKA
554300,TROŠKOVI POŠTANSKIH I TELEKOMUNIKACIONIH USLUGAPRODAJU
20108,TRANSAKCIJSKI RAČUNI - STRANA VALUTA
5214,TROŠKOVI NAKNADA PLAĆA
02233,****** OPREMA RAČUNARSKA ZA TESTIRANJE-SERVIS
02933,****ISPRAVKA.VRI.OPREME RAČUNARSKE ZA TESTIRANJE-SERVIS
5409,AMORTIZACIJA DO VISINE POREZNO PRIZNATIH RASHODA
44286,OBAVEZE PO OSNOVU KOMISIONE I KONSIGNACIONE PRODAJE
2210,POTRAŽIVANJA OD SPECIFIČNIH POSLOVA
5563,POREZIDOPRINOSI ZA ZAŠTITU OD PRIRODNIH I DR.NESREĆA
4513,OBAVEZE ZA OSTALE POREZE DOPRINOSE I DRUGA DAVANJA
520,TROŠKOVI PLAĆA
2192,ISPRAVKA VRIJEDNOSTI UTUŽENIH POTRAŽIVANJA OD KUPACA
53992,TROŠKOVI OSTALIH USLUGA
52301,TROŠKOVI SLUŽBENIH PUTOVANJA ZAPOSLENIH
53990,TROŠKOVI OSTALIH USLUGA
44231,OBAVEZE PO OSNOVU KOMISIONE I KONSIGNACIONE PRODAJE
5549,TROŠKOVI POŠTANSKIH I TELEKOMUNIKACIONIH USLUGAPRODAJU
68301,KAZNE U SAOBRAČAJU
529,TROŠKOVI NAKNADA OSTALIM FIZIČKIM LICIMA
4836,DOPRINOSI ČLANARINE I DRUGA DAVANJA
20810,DEPOZIT-MONEYBOOKERS LTD.
534,TROŠKOVI SAJMOVA
28003,UNAPRIJED PLAĆENI RASHODI
6623,KAMATE PO OSNOVU ZAJMOVA I KREDITA I OST.FIN.RASHODI
6397,OSTALI PRIHODI
68853,DONACIJE
44233,OBAVEZE PO OSNOVU KOMISIONE I KONSIGNACIONE PRODAJE
66233,KAMATE PO OSNOVU ZAJMOVA I KREDITA I OST.FIN.RASHODI
4817,OBAVEZE ZA POREZ NA DOBIT
02220,RAČUNARSKI TELEKOM UREĐAJI
02221,RAČUNARSKI SOFTWARE
350000,GUBITAK RANIJIH GODINA
023,ALATI POGONSKI I KANCELARIJSKI NAMJEŠTAJ
024,TRANSPORTNA SREDSTVA
040,ŠUME
045,BIOLOŠKA SREDSTVA U PRIPREMI
047,AVANSI ZA BIOLOŠKA SREDSTVA
049,ISPRAVKA VRIJEDNOSTI BIOLOŠKE IMOVINE
057,AVANSI ZA OSTALA STALNA MATERIJALNA SREDSTVA
071,POTRAŽIVANJA PO OSNOVU PRODAJE NA KREDIT
072,POTRAŽIVANJA PO UGOVORIMA O FINANSIJSKOM NAJMU (LIZINGU)
078,OSTALA DUGOROČNA POTRAŽIVANJA
07,DRUGA DUGOROČNA POTRAŽIVANJA
030,ULAGANJE U VLASTITO ZEMLJIŠTE
031,ULAGANJA U UNAJMLJENO ZEMLJIŠTE
537,TROŠKOVI RAZVOJA KOJI SE NE KAPITALIZUJU
033,ULAGANJA U UNAJMLJENE GRAĐEVINE
035,ULAGANJA U NEKRETNINE U PRIPREMI
037,AVANSI ZA INVESTICIJSKE NEKRETNINE
039,ISPRAVKA VRIJEDNOSTI ULAGANJA U NEKRETNINE
08,SREDSTVA KLASIFIKOVANA KAO SREDSTVA NAMJENJANA ZA PRODAJU
140,NEMATERIJALNA SREDSTVA NAMJENJENA PRODAJI
141,ZEMLJIŠTE NAMJENJENO PRODAJI
146,OSTALA STALNA SREDSTVA NAMJENJENA PRODAJI
147,SREDSTVA OBUSTAVLJENOG POSLOVANJA NAMJENJENA PRODAJI
087,AVANSI ZA SREDSTVA KLASIFIK.KAO SREDSTVA NAMJ.ZA PRODAJU
149,ISPRAVKA VRIJEDNOSTI SREDSTAVA NAMJENJENIH PRODAJI
09,ODLOŽENA POREZNA SREDSTVA I DUGOROČNA RAZGRANIČENJA
112,PROIZVODNJA KOD KOOPERANATA
115,NEDOVRŠENE USLUGE
544,TROŠKOVI REZERVISANJA ZA OBNAVLJANJE PRIRODNIH BOGATSTAVA
223,POTRAŽIVANJA IZ ZAJEDNIČKIH POSLOVA
230,POTRAŽIVANJA ZA KAMATU I DIVIDENDU OD POVEZANIH PR.OSOBA
545,TROŠKOVI REZERVISANJA ZA ZADRŽANE KAUCIJE I DEPOZITE
546,TROŠKOVI REZERVISANJA ZA RESTRUTURIRANJE
547,TROŠKOVI REZERVISANJA ZA NAKNADE UPOSLENIKA
282,RAZGRANIČENI TROŠKOVI PO OSNOVU OBAVEZA
26,POTRAŽIVANJA ZA POREZ NA DODATU VRIJEDNOST - ULAZNI POREZ
270,PDV U PRIMLJENIM FAKTURAMA
271,PDV PLAĆEN PRI UVOZU DOBARA
273,PDV OBRAČUNAT NA USLUGE STRANIH LICA
272,PDV SADRŽAN U DATIM AVANSIMA
264,POTRAŽIVANJA ZA PDV PLAĆEN ZA NENAPLAĆENI IZVOZ
275,ULAZNI POREZ UPLAĆEN PO POSEBNOJ ŠEMI
274,PAUŠALNI IZNOSI PDV-A ISPLAĆENI POLJOPRIVREDNICIMA
279,POTRAŽIVANJA ZA RAZLIKU ULAZNOG POREZA I OBAVEZA ZA PDV
276,ULAZNI POREZ NA KOJI JOŠ NIJE STEČENO PRAVO ODBITKA
278,DRUGA POTRAŽIVANJA IZ OSNOVA PDV-A
579,RASHODOVANJA I GUBICI NA ZALIHAMA MATERIJALA I ROBE
541,AMORTIZACIJA - PRIVREMENO POREZNO NEPRIZNATI RASHOD
542,AMORTIZACIJA - TRAJNO POREZNO NEPRIZNATI RASHOD
313,POVEĆANA AMORTIZACIJA PO OSNOVU REVALORIZACIJE
33,REVALORIZACIONE REZERVE I NEREAL.DOBICI I GUBICI
536,TROŠKOVI ISTRAŽIVANJA
548,TROŠKOVI REZERVISANJA ZA SUDSKE SPOROVE I ŠTETNE UGOVORE
34,NERASPOREĐENA DOBIT
549,TROŠKOVI OSTALIH DUGOROČNIH REZERVISANJA
527,TROŠKOVI NAKNADA ČLANOVIMA ODBORA KOMISIJA I SL.
559,OSTALI NEMATERIJALNI TROŠKOVI
406,REZERVISANJA PO ŠTETNIM UGOVORIMA
403,REZERVISANJA ZA TROŠKOVE RESTRUKTURIRANJA
404,REZERVISANJA ZA NAKNADE I BENEFICIJE ZAPOSLENIKA
550,TROŠKOVI REPREZENTACIJE
401,REZERVISANJA ZA TROŠKOVE OBNAVLJANJA PRIRODNIH BOGATSTAVA
555,TROŠKOVI POREZA NAKNADA TAKSI NA TERET PRAVNOG LICA
556,TROŠKOVI ČLANSKIH DOPRINOSA I SL.OBAVEZA
320,EMISIONA PREMIJA
331,RAZLIKE NASTALE PREVOĐENJEM FIN.IZVJEŠTAJA U VALUTU PREZ.
322,STATUTARNE I DRUGE REZERVE
561,RASHODI KAMATA
562,NEGATIVNE KURSNE RAZLIKE
563,RASHODI IZ OSNOVA VALUTNE KLAUZULE
57,OSTALI RASHODI I GUBICI
570,GUBICI OD PRODAJE I RASHODOVANJA STALNIH SREDSTAVA
571,GUBICI OD PRODAJE I RASHODOVANJA NEKRETNINA
572,GUBICI OD PRODAJE I RASHODOVANJA BIOLOŠKIH SREDSTAVA
573,GUBICI OD PRODAJE SREDSTAVA NAMJENJENIH PRODAJI
574,GUBICI OD PRODAJE UČEŠĆA U KAPITALU I VRIJEDNOSTNIH PAPIR
142,GRAĐEVINSKI OBJEKTI NAMJENJENI PRODAJI
575,GUBICI OD PRODAJE MATERIJALA
576,MANJKOVI
430,PRIMLJENI AVANSI DEPOZITI I KAUCIJE
439,OSTALE OBAVEZE IZ POSLOVANJA
495,ODLOŽENE PORESKE OBAVEZE
492,RAZGRANIČENI OVISNI TROŠKOVI NABAVKE
494,RAZGRANIČENI PRIHODI PO OSNOVU PLASMANA
493,ODLOŽENI PRIHODI ZA PRIMLJENE DONACIJE I SL.
56,FINANSIJSKI RASHODI
470,PDV PO OSNOVU ISPORUKA DRUGIM OBVEZNICIMA PDV-A
473,PDV PO OSNOVU ISPORUKA NEOBV.PDV-A (KRAJNJA POTR.)
472,PDV PO OSNOVU VLASTITE POTROŠNJE U NEPOSL.SVRHE
471,PDV PO PRIMLJENIM AVANSIMA
564,OBAVEZE ZA PDV ZA NENAPLAĆENI IZVOZ
475,OBAVEZE ZA UPLATU PDV-A PO POSEBNOJ ŠEMI
478,DRUGE OBAVEZE IZ OSNOVA PDV-A
479,OBAVEZE ZA RAZLIKU IZMEĐU OBAVEZA ZA PDV I UL.POREZA
474,PDV OBRAČUNAT NA USLUGE STRANIH LICA
577,RASHODI IZ OSNOVA ZAŠTITE OD RIZIKA
578,RASHODI PO OSNOVU ISPRAVKE VRIJEDNOSTI I OTPISA POTR.
58,RASHODI/GUBICI IZ OSNOVA UMANJENJA VRIJEDNOSTI SREDSTAVA
580,UMANJENJE VRIJEDNOSTI NEMATERIJALNIH SREDSTAVA
581,UMANJENJE VRIJEDNOSTI MATERIJALNIH STALNIH SREDSTAVA
582,UMANJENJE VRIJEDNOSTI INVESTICIJSKIH NEKRETNINA
603,PRIHODI OD PRODAJE DOBARA I USLUGA POV.PRAVNIM LICIMA
604,PRIHODI OD PRODAJE DOBARA I USLUGA NA STRANOM TRŽIŠTU
605,PRIHODI OD UPOTREBE DOBARA I USLUGA ZA POTREB.PRAV.LICA
606,PRIHODI PO OSNOVU UGOVORA O IZGRADNJI
607,PRIHODI OD ZAKUPNINA I NAJAMNINE
608,PRIHODI OD PRODAJE IZ FIN.NAJMA - LIZINGA
609,OSTALI PRIHODI OD PRODAJE
611,PRIHODI OD PRODAJE UČINAKA NA DOMAĆEM TRŽIŠTU
614,PRIHODI OD KAMATA PO OSNOVU ZAJMOVA NEP.DRUŠTVIMA
617,PRIHODI OD NAKN.ZA FINANSIRANJE ODNOSNO OD KAMATA F.NAJM.
618,PRIHODI OD ULAGANJA U NEKRETNINE
620,PRIHODI OD AKTIVIRANJA ILI POTROŠNJE ROBE
621,PRIHODI OD AKTIVIRANJA ILI POTROŠNJE UČINAKA
622,POVEĆANJE VRIJEDNOSTI MAT.I NEMAT.STALNIH SREDSTAVA
623,POVEĆANJE VRIJEDNOSTI FINANSIJSKE IMOVINE
624,PRIHODI PO OSNOVU PROMJENE VRIJEDNOSTI DRUGIH STAL.SREDST
625,DOBICI OD PRODAJE NEKRETNINA POSTR.I OPREME
626,DOBICI OD PRODAJE NEMATERIJALNIH SREDSTAVA
627,DOBICI OD PRODAJE BIOLOŠKE IMOVINE
634,PRIHODI OD NAPLATE ŠTETE OD OSIGURAVAJUĆIH DRUŠTAVA
637,PRIHODI OD UKIDANJA DUGOROČNIH REZERVISANJA
638,PRIHODI IZ RANIJIH GODINA
655,PRIHODI IZ NAMJENSKIH IZVORA FINANSIRANJA
657,FIKSNI TROŠKOVI ZA NEISKORIŠTENI NORMALNI KAPACITET
659,OSTALI PRIHODI PO DRUGIM OSNOVAMA
663,PRIHODI OD EFEKATA VALUTNE KLAUZULE
664,PRIHODI OD UČEŠĆA U DOBITI ZAJEDNIČKIH ULAGANJA
667,DISKONT - GUBICI PRI PRODAJI DRUGE FIN.IMOVINE
669,OSTALI FINANSIJSKI PRIHODI
671,DOBICI OD PRODAJE INVESTICIJSKIH NEKRETNINA
672,DOBICI OD PRODAJE BIOLOŠKIH SREDSTAVA
673,DOBICI OD PRODAJE SREDSTAVA NAMIJENJENIH PRODAJI
674,DOBICI OD PRODAJE UČEŠĆA U KAPITALU I VR.PAPIRA
675,DOBICI OD PRODAJE MATERIJALA
676,VIŠKOVI
677,NAPLAĆENA OTPISANA POTRAŽIVANJA
679,OTPIS OBAVEZA UKINUTA REZERVISANJA I OSTALI PRIHODI
685,PRIHODI OD USKLAĐIVANJA VRIJEDNOSTI ZALIHA
687,PRIHODI OD USKLAĐIVANJA VRIJEDNOSTI KAPITALA
689,PRIHODI OD USKLAĐIVANJA VRIJEDNOSTI OSTALIH SREDSTAVA
701,DOBIT PRIJE OPOREZIVANJA
702,GUBITAK
712,GUBITAK PERIODA TOKOM GODINE
713,NETO DOBIT POSLOVNE GODINE
714,GUBITAK POSLOVNE GODINE
290,GUBITAK IZNAD VISINE KAPITALA
9,OBRAČUN TROŠKOVA UČINAKA
90,KONTA ODNOSA SA FINANSIJSKIM RAČUNOVODSTVOM
89,VANBILANSNA PASIVA
890,OBAVEZE ZA TUĐU ROBU
891,OBAVEZE ZA TUĐI MATERIJAL
892,OBAVEZE ZA TUĐE POLUPROIZVODE I PROIZVODE
894,OBAVEZE ZA OSTALA SREDSTVA
896,OBAVEZE ZA PRIMLJENE AVALE I GARANCIJE
897,OBAVEZE ZA DATE AVALE GARANCIJE I OSTALE GARANCIJE
898,OSTALA VANBILANSNA PASIVA
899,VANBILANSNA EVIDENCIJA
583,UMANJENJE VRIJEDNOSTI BIOLOŠKIH SREDSTAVA
584,UMANJANJE VRIJEDNOSTI DUGOROČNIH FIN.PLASMANA
585,UMANJENJE VRIJEDNOSTI ZALIHA
586,UMANJENJE VRIJEDNOSTI KRATKOROČNIH FIN.PLASMANA
588,UMANJENJE VRIJEDNOSTI SREDSTAVA NAMJENJENIH PRODAJI
589,UMANJENJE VRIJEDNOSTI OSTALIH SREDSTAVA
59,EFEKTI PROMJENA RAČUNOVOD.POLITIKA I ISPR.GREŠKI R.GODINA
590,RASHODI IZ OSNOVA PROMJENE RAČUNOVODSTVENIH POLITIKA
591,RASHODI IZ OSNOVA ISPRAVKI GREŠKI IZ RANIJIH GODINA
595,POVEĆANJE VRIJEDNOSTI ZALIHA UČINAKA
596,SMANJENJE VRIJEDNOSTI ZALIHA UČINAKA
599,PRENOS RASHODA
641,POVEĆANJE VRIJEDNOSTI BIOLOŠKIH SREDSTAVA
642,POVEĆANJE VRIJEDNOSTI OSTALIH SPECIČNIH SREDSTAVA
643,SMANJENJE VRIJEDNOSTI INVESTICIJSKIH NEKRETNINA
644,SMANJENJE VRIJEDNOSTI BIOLOŠKIH SREDSTAVA
645,SMANJENJE VRIJEDNOSTI OSTALIH SPECIFIČNIH SREDSTAVA
686,PRIHODI OD USKLAĐIVANJA VRIJEDNOSTI KRATKOROČNIH FIN.PLAS
691,PRIHODI IZ OSNOVA GREŠAKA IZ RANIJIH GODINA
699,PRENOS PRIHODA
7,OTVARANJE I ZAKLJUČAK KONTA STANJA I USPJEHA
720,DOBIT ILI GUBITAK
721,POREZNI RASHODI RAZDOBLJA
722,ODLOŽENI POREZNI RASHODI I PRIHODI RAZDOBLJA
723,OBRAČUNATE MEĐUDIVIDENDE I DRUGI VIDOVI RASPODJELE DOBITI
724,PRENOS DOBITI ILI GUBITKA
73,ZAKLJUČAK KONTA STANJA
730,ZAKLJUČAK KONTA STANJA
8,VANBILANSNA EVIDENCIJA
88,VANBILANSNA AKTIVA
880,TUĐA ROBA
881,TUĐI MATERIJAL
882,TUĐI POLUPROIZVODI I PROIZVODI
883,TUĐA OSNOVNA SREDSTVA
884,OSTALA AKTIVNA KONTA VANBILANSNE EVIDENCIJE
885,VRIJEDNOSNI PAPIRI VAN PROMETA
886,PRIMLJENI AVALI I GARANCIJE
887,DATI AVALI GARANCIJE I DRUGE GARANCIJE
888,OSTALA VANBILANSNA AKTIVA
893,OBAVEZE ZA TUĐA OSNOVNA SREDSTVA
895,OBAVEZE ZA VRIJEDNOSNE PAPIRE VAN PROMETA
900,PREUZIMANJE ZALIHA
901,PREUZIMANJE NABAVKE MATERIJALA I ROBE
902,PREUZIMANJE TROŠKOVA
903,PREUZIMANJE PRIHODA
91,MATERIJALI I ROBA
910,MATERIJAL
911,ROBA
912,PROIZVODI I ROBA U PRODAVNICI PROIZVOĐAČA
92,KONTA MJESTA TROŠKOVA NABAVKE TEHNIČKE UPRAVE
920,TROŠKOVI MATERIJALA ZA IZRADU
921,TROŠKOVI OSTALOG (REŽIJSKOG) MATERIJALA
922,TROŠKOVI GORIVA PODIGNUTOG IZ SKLADIŠTA
923,TROŠKOVI OSTALOG GORIVA I ENERGIJE
924,TROŠKOVI ZARADA I NAKNADA ZARADA
925,TROŠKOVI PROIZVODNIH USLUGA
926,TROŠKOVI AMORTIZACIJE I REZERVISANJA
927,NEMATERIJALNI TROŠKOVI
928,ALOCIRANI TROŠKOVI ZAJEDNIČKIH MJESTA TROŠKOVA
929,PRENOS TROŠKOVA
97,SLOBODNA GRUPA
98,RASHODI I PRIHODI
980,TROŠKOVI PRODATIH PROIZVODA I USLUGA
981,NABAVNA VRIJEDNOST PRODATE ROBE
982,TROŠKOVI PERIODA
983,OTPIS MANJKOVI I VIŠKOVI ZALIHA UČINAKA
985,SLOBODNI KONTO
986,PRIHODI PO OSNOVU PRODAJE PROIZVODA I USLUGA
987,PRIHODI PO OSNOVU PRODAJE ROBE
988,SLOBODNI KONTO
989,DRUGI PRIHODI
99,KONTA DOBITKA GUBITKA I ZAKLJUČAKA
990,POSLOVNI DOBITAK I GUBITAK
991,DOBITAK I GUBITAK PO OSNOVU PRODAJE MATERIJALA
992,MANJKOVI MATERIJALA I ROBE
993,OTPIS MATERIJALA I ROBE
994,VIŠKOVI MATERIJALA I ROBE
999,ZAKLJUČAK OBRAČUNA TROŠKOVA I UČINAKA
4580,OBAVEZE POREZ NA PLAĆU
4581,OBAVEZE DOPRINOS ZA PIO
4582,OBAVEZE DOPRINOSI ZDRAVSTVENO
4583,OBAVEZE DOPR. ZA OSIGURANJE OD NEZAPOSLENOSTI
4584,OBAVEZE ZA OSTALE POREZE - VODOPRIVREDA
4585,OBAVEZE ZA OSTALE POREZE-ZAŠT.PRIRODNE NEPOGODE
61111,PRIHOD OD PRODAJE FMK PROIZVODA
6110,PRIHOD OD PRODATIH USLUGA
6111,PRIHOD OD PRODATIH PROIZVODA
6691,PRIHOD PDV PRIJAVA ZAOKRUŽENJE
